-- MySQL dump 10.13  Distrib 8.0.25, for Win64 (x86_64)
--
-- Host: localhost    Database: p2n_pet
-- ------------------------------------------------------
-- Server version	8.0.25

/*!40101 SET @OLD_CHARACTER_SET_CLIENT=@@CHARACTER_SET_CLIENT */;
/*!40101 SET @OLD_CHARACTER_SET_RESULTS=@@CHARACTER_SET_RESULTS */;
/*!40101 SET @OLD_COLLATION_CONNECTION=@@COLLATION_CONNECTION */;
/*!50503 SET NAMES utf8 */;
/*!40103 SET @OLD_TIME_ZONE=@@TIME_ZONE */;
/*!40103 SET TIME_ZONE='+00:00' */;
/*!40014 SET @OLD_UNIQUE_CHECKS=@@UNIQUE_CHECKS, UNIQUE_CHECKS=0 */;
/*!40014 SET @OLD_FOREIGN_KEY_CHECKS=@@FOREIGN_KEY_CHECKS, FOREIGN_KEY_CHECKS=0 */;
/*!40101 SET @OLD_SQL_MODE=@@SQL_MODE, SQL_MODE='NO_AUTO_VALUE_ON_ZERO' */;
/*!40111 SET @OLD_SQL_NOTES=@@SQL_NOTES, SQL_NOTES=0 */;

--
-- Table structure for table `age`
--

DROP TABLE IF EXISTS `age`;
/*!40101 SET @saved_cs_client     = @@character_set_client */;
/*!50503 SET character_set_client = utf8mb4 */;
CREATE TABLE `age` (
  `id` bigint unsigned NOT NULL AUTO_INCREMENT,
  `title` varchar(255) CHARACTER SET utf8 COLLATE utf8_general_ci DEFAULT NULL,
  `orderview` int DEFAULT NULL,
  `status` int DEFAULT NULL,
  `createuser` bigint unsigned DEFAULT NULL,
  `createdate` datetime DEFAULT NULL,
  `updateuser` bigint unsigned DEFAULT NULL,
  `updatedate` datetime DEFAULT NULL,
  PRIMARY KEY (`id`)
) ENGINE=InnoDB AUTO_INCREMENT=15 DEFAULT CHARSET=utf8mb4 COLLATE=utf8mb4_unicode_ci;
/*!40101 SET character_set_client = @saved_cs_client */;

--
-- Dumping data for table `age`
--

LOCK TABLES `age` WRITE;
/*!40000 ALTER TABLE `age` DISABLE KEYS */;
INSERT INTO `age` VALUES (1,'1-3 tháng',1,10,1,'2021-12-16 20:51:40',1,'2021-12-16 20:51:40'),(2,'4 - 6 tháng',2,10,1,'2021-12-16 20:53:25',1,'2021-12-16 20:53:25'),(3,'7 - 9 tháng',3,10,1,'2021-12-16 20:53:38',1,'2021-12-16 20:53:38'),(4,'10 - 12 tháng',4,10,1,'2021-12-16 20:53:54',1,'2021-12-16 20:53:54'),(5,'1 năm',5,10,1,'2021-12-16 20:54:05',1,'2021-12-16 20:54:05'),(6,'2 năm',6,10,1,'2021-12-16 20:54:14',1,'2021-12-16 20:54:14'),(7,'3 năm',7,10,1,'2021-12-16 20:54:23',1,'2021-12-16 20:54:23'),(8,'4 năm',8,10,1,'2021-12-16 20:54:30',1,'2021-12-16 20:54:30'),(9,'5 năm',9,10,1,'2021-12-16 20:54:37',1,'2021-12-16 20:54:37'),(10,'6 năm',10,10,1,'2021-12-16 20:54:46',1,'2021-12-16 20:54:46'),(11,'7 năm',11,10,1,'2021-12-16 20:54:54',1,'2021-12-16 20:54:54'),(12,'8 năm',12,10,1,'2021-12-16 20:55:01',1,'2021-12-16 20:55:01'),(13,'9 năm',13,10,1,'2021-12-16 20:55:07',1,'2021-12-16 20:55:07'),(14,'10 năm',14,10,1,'2021-12-16 20:55:15',1,'2021-12-16 20:55:15');
/*!40000 ALTER TABLE `age` ENABLE KEYS */;
UNLOCK TABLES;

--
-- Table structure for table `breed`
--

DROP TABLE IF EXISTS `breed`;
/*!40101 SET @saved_cs_client     = @@character_set_client */;
/*!50503 SET character_set_client = utf8mb4 */;
CREATE TABLE `breed` (
  `id` bigint unsigned NOT NULL AUTO_INCREMENT,
  `name` varchar(255) CHARACTER SET utf8 COLLATE utf8_general_ci DEFAULT NULL,
  `breedid` bigint unsigned DEFAULT NULL,
  `status` int DEFAULT NULL,
  `createuser` bigint unsigned DEFAULT NULL,
  `createdate` datetime DEFAULT NULL,
  `updateuser` bigint unsigned DEFAULT NULL,
  `updatedate` datetime DEFAULT NULL,
  PRIMARY KEY (`id`),
  KEY `breedid` (`breedid`),
  CONSTRAINT `breed_ibfk_1` FOREIGN KEY (`breedid`) REFERENCES `breed` (`id`)
) ENGINE=InnoDB AUTO_INCREMENT=21 DEFAULT CHARSET=utf8mb4 COLLATE=utf8mb4_unicode_ci;
/*!40101 SET character_set_client = @saved_cs_client */;

--
-- Dumping data for table `breed`
--

LOCK TABLES `breed` WRITE;
/*!40000 ALTER TABLE `breed` DISABLE KEYS */;
INSERT INTO `breed` VALUES (1,'Chó',1,10,1,'2021-12-16 20:35:37',1,'2021-12-16 20:35:37'),(2,'Mèo',2,10,1,'2021-12-16 20:35:37',1,'2021-12-16 20:35:37'),(3,'Chó Husky Sibir',1,10,1,'2021-12-16 21:09:28',1,'2021-12-16 21:14:46'),(4,'Chó Bulldog Pháp',1,10,1,'2021-12-16 21:10:18',1,'2021-12-16 21:14:38'),(5,'Chó Pitbull',1,10,1,'2021-12-16 21:12:02',1,'2021-12-16 21:15:15'),(6,'Chó Shiba Inu',1,10,1,'2021-12-16 21:12:56',1,'2021-12-16 21:15:30'),(7,'Chó Poodle Tiny',1,10,1,'2021-12-16 21:13:53',1,'2021-12-16 21:15:23'),(8,'Chó Phú Quốc',1,10,1,'2021-12-16 21:15:07',1,'2021-12-16 21:15:07'),(9,'Mèo Anh lông ngắn',2,10,1,'2021-12-16 21:16:09',1,'2021-12-16 21:17:26'),(10,'Mèo Anh lông dài',2,10,1,'2021-12-16 21:16:39',1,'2021-12-16 21:17:13'),(11,'Mèo Ba Tư',2,10,1,'2021-12-16 21:16:46',1,'2021-12-16 21:17:20'),(12,'Mèo Bengal',2,10,1,'2021-12-16 21:17:07',1,'2021-12-16 21:17:07'),(13,'Mèo Munchkin',2,10,1,'2021-12-16 21:18:27',1,'2021-12-16 21:18:27'),(14,'Mèo tam thể',2,10,1,'2021-12-16 21:19:24',1,'2021-12-16 21:19:33'),(15,'Thỏ',15,10,1,'2021-12-17 22:35:26',1,'2021-12-17 22:35:26'),(16,'Chuột',16,10,1,'2021-12-17 22:35:41',1,'2021-12-17 22:35:41'),(17,'Nhím',17,10,1,'2021-12-17 22:35:56',1,'2021-12-17 22:35:56'),(18,'Chuột Hamster',16,10,1,'2021-12-17 22:37:41',1,'2021-12-17 22:37:41'),(19,'Nhím kiểng',17,10,1,'2021-12-17 22:41:49',1,'2021-12-17 22:41:49'),(20,'Thỏ Angora',15,10,1,'2021-12-17 22:45:22',1,'2021-12-17 22:45:22');
/*!40000 ALTER TABLE `breed` ENABLE KEYS */;
UNLOCK TABLES;

--
-- Table structure for table `cart`
--

DROP TABLE IF EXISTS `cart`;
/*!40101 SET @saved_cs_client     = @@character_set_client */;
/*!50503 SET character_set_client = utf8mb4 */;
CREATE TABLE `cart` (
  `id` bigint unsigned NOT NULL AUTO_INCREMENT,
  `userid` bigint unsigned DEFAULT NULL,
  `status` int DEFAULT NULL,
  `createuser` bigint unsigned DEFAULT NULL,
  `createdate` datetime DEFAULT NULL,
  `updateuser` bigint unsigned DEFAULT NULL,
  `updatedate` datetime DEFAULT NULL,
  PRIMARY KEY (`id`),
  KEY `userid` (`userid`),
  CONSTRAINT `cart_ibfk_1` FOREIGN KEY (`userid`) REFERENCES `users` (`id`)
) ENGINE=InnoDB AUTO_INCREMENT=13 DEFAULT CHARSET=utf8mb4 COLLATE=utf8mb4_unicode_ci;
/*!40101 SET character_set_client = @saved_cs_client */;

--
-- Dumping data for table `cart`
--

LOCK TABLES `cart` WRITE;
/*!40000 ALTER TABLE `cart` DISABLE KEYS */;
INSERT INTO `cart` VALUES (1,6,10,6,'2021-12-19 14:11:47',6,'2021-12-19 14:11:47'),(2,7,10,7,'2021-12-26 16:48:12',7,'2021-12-26 16:48:12'),(3,1,10,1,'2022-01-02 20:21:25',1,'2022-01-02 20:21:25'),(4,20,10,20,'2022-01-02 20:23:05',20,'2022-01-02 20:23:05'),(5,19,10,19,'2022-01-02 20:31:51',19,'2022-01-02 20:31:51'),(6,17,10,17,'2022-01-02 20:56:02',17,'2022-01-02 20:56:02'),(7,18,10,18,'2022-01-02 21:40:51',18,'2022-01-02 21:40:51'),(8,16,10,16,'2022-01-02 22:16:24',16,'2022-01-02 22:16:24'),(9,8,10,8,'2022-01-02 22:30:05',8,'2022-01-02 22:30:05'),(10,24,10,24,'2022-01-02 23:33:58',24,'2022-01-02 23:33:58'),(11,13,10,13,'2022-01-06 21:31:17',13,'2022-01-06 21:31:17'),(12,11,10,11,'2022-01-06 21:39:03',11,'2022-01-06 21:39:03');
/*!40000 ALTER TABLE `cart` ENABLE KEYS */;
UNLOCK TABLES;

--
-- Table structure for table `cartitem`
--

DROP TABLE IF EXISTS `cartitem`;
/*!40101 SET @saved_cs_client     = @@character_set_client */;
/*!50503 SET character_set_client = utf8mb4 */;
CREATE TABLE `cartitem` (
  `id` bigint unsigned NOT NULL AUTO_INCREMENT,
  `cartid` bigint unsigned DEFAULT NULL,
  `petdetailid` bigint unsigned DEFAULT NULL,
  `orderid` bigint unsigned DEFAULT NULL,
  `pricediscount` float DEFAULT NULL,
  `quantity` int DEFAULT NULL,
  `status` int DEFAULT NULL,
  `createuser` bigint unsigned DEFAULT NULL,
  `createdate` datetime DEFAULT NULL,
  `updateuser` bigint unsigned DEFAULT NULL,
  `updatedate` datetime DEFAULT NULL,
  PRIMARY KEY (`id`),
  KEY `cartid` (`cartid`),
  KEY `petdetailid` (`petdetailid`),
  KEY `orderid` (`orderid`),
  CONSTRAINT `cartitem_ibfk_1` FOREIGN KEY (`cartid`) REFERENCES `cart` (`id`),
  CONSTRAINT `cartitem_ibfk_2` FOREIGN KEY (`petdetailid`) REFERENCES `petdetail` (`id`),
  CONSTRAINT `cartitem_ibfk_3` FOREIGN KEY (`orderid`) REFERENCES `order` (`id`)
) ENGINE=InnoDB AUTO_INCREMENT=40 DEFAULT CHARSET=utf8mb4 COLLATE=utf8mb4_unicode_ci;
/*!40101 SET character_set_client = @saved_cs_client */;

--
-- Dumping data for table `cartitem`
--

LOCK TABLES `cartitem` WRITE;
/*!40000 ALTER TABLE `cartitem` DISABLE KEYS */;
INSERT INTO `cartitem` VALUES (1,1,1,1,5040000,1,10,6,'2021-12-19 14:14:29',6,'2021-12-26 10:22:56'),(2,1,2,1,13800000,1,10,6,'2021-12-19 14:15:56',6,'2021-12-26 09:24:31'),(3,2,2,2,13800000,1,10,7,'2021-12-26 16:50:30',7,'2021-12-26 16:50:30'),(4,2,3,2,5520000,1,10,7,'2021-12-26 16:51:14',7,'2021-12-26 16:51:14'),(5,3,20,NULL,2275000,1,190,1,'2022-01-02 20:21:25',1,'2022-01-02 20:21:48'),(6,4,13,3,18700000,1,10,20,'2022-01-02 20:23:05',20,'2022-01-02 20:23:48'),(7,4,5,4,5225000,1,10,20,'2022-01-02 20:25:53',20,'2022-01-02 20:27:06'),(8,5,4,5,8500000,1,10,19,'2022-01-02 20:31:51',19,'2022-01-02 20:32:35'),(9,5,21,6,1116000,1,10,19,'2022-01-02 20:40:43',19,'2022-01-02 20:41:42'),(10,6,29,7,11400000,1,10,17,'2022-01-02 20:56:02',17,'2022-01-02 20:56:43'),(11,6,14,8,14725000,1,10,17,'2022-01-02 20:57:27',17,'2022-01-02 20:58:05'),(12,7,10,9,9660000,1,10,18,'2022-01-02 21:40:51',18,'2022-01-02 21:42:10'),(13,7,9,10,11500000,1,10,18,'2022-01-02 21:43:30',18,'2022-01-02 21:44:11'),(14,7,22,11,13340000,1,10,18,'2022-01-02 21:44:32',18,'2022-01-02 21:58:58'),(15,7,2,11,13800000,1,10,18,'2022-01-02 21:44:37',18,'2022-01-02 21:58:58'),(16,7,35,NULL,2816000,1,190,18,'2022-01-02 21:44:45',18,'2022-01-02 21:58:05'),(17,7,20,NULL,2275000,1,190,18,'2022-01-02 21:44:56',18,'2022-01-02 21:50:30'),(18,3,11,NULL,6600000,2,10,1,'2022-01-02 21:45:23',1,'2022-01-02 21:45:23'),(19,7,11,NULL,6600000,1,190,18,'2022-01-02 21:45:57',18,'2022-01-02 21:58:02'),(20,7,34,NULL,2185000,1,190,18,'2022-01-02 21:50:52',18,'2022-01-02 21:58:01'),(21,7,19,NULL,1020000,1,190,18,'2022-01-02 21:50:57',18,'2022-01-02 21:58:00'),(22,8,27,12,8100000,1,10,16,'2022-01-02 22:16:24',16,'2022-01-02 22:17:52'),(23,8,11,13,6600000,1,10,16,'2022-01-02 22:18:40',16,'2022-01-02 22:19:19'),(24,8,19,14,1020000,1,10,16,'2022-01-02 22:22:37',16,'2022-01-02 22:23:30'),(25,8,15,14,6720000,1,10,16,'2022-01-02 22:22:44',16,'2022-01-02 22:23:30'),(26,8,27,15,8100000,1,10,16,'2022-01-02 22:26:17',16,'2022-01-02 22:27:03'),(27,9,10,16,9660000,1,10,8,'2022-01-02 22:30:05',8,'2022-01-02 22:31:10'),(28,10,3,17,5520000,1,10,24,'2022-01-02 23:33:58',24,'2022-01-02 23:38:19'),(29,3,4,NULL,8500000,1,10,1,'2022-01-04 15:24:36',1,'2022-01-04 15:24:36'),(30,5,30,18,7520000,1,10,19,'2022-01-06 21:20:16',19,'2022-01-06 21:21:14'),(31,5,22,19,13340000,1,10,19,'2022-01-06 21:22:02',19,'2022-01-06 21:27:44'),(32,5,9,20,11500000,1,10,19,'2022-01-06 21:28:21',19,'2022-01-06 21:29:02'),(33,11,33,21,3600000,1,10,13,'2022-01-06 21:31:17',13,'2022-01-06 21:32:19'),(34,11,24,NULL,5915000,1,190,13,'2022-01-06 21:33:29',13,'2022-01-06 21:33:42'),(35,11,27,22,8100000,1,10,13,'2022-01-06 21:33:54',13,'2022-01-06 21:34:42'),(36,11,7,23,12600000,1,10,13,'2022-01-06 21:37:11',13,'2022-01-06 21:37:59'),(37,12,19,24,1020000,1,10,11,'2022-01-06 21:39:03',11,'2022-01-06 21:39:51'),(38,12,18,25,4320000,1,10,11,'2022-01-06 21:40:29',11,'2022-01-06 21:41:12'),(39,12,30,NULL,7520000,1,10,11,'2022-01-06 21:45:13',11,'2022-01-06 21:45:13');
/*!40000 ALTER TABLE `cartitem` ENABLE KEYS */;
UNLOCK TABLES;

--
-- Table structure for table `color`
--

DROP TABLE IF EXISTS `color`;
/*!40101 SET @saved_cs_client     = @@character_set_client */;
/*!50503 SET character_set_client = utf8mb4 */;
CREATE TABLE `color` (
  `id` bigint unsigned NOT NULL AUTO_INCREMENT,
  `title` varchar(255) CHARACTER SET utf8 COLLATE utf8_general_ci DEFAULT NULL,
  `status` int DEFAULT NULL,
  `createuser` bigint unsigned DEFAULT NULL,
  `createdate` datetime DEFAULT NULL,
  `updateuser` bigint unsigned DEFAULT NULL,
  `updatedate` datetime DEFAULT NULL,
  PRIMARY KEY (`id`)
) ENGINE=InnoDB AUTO_INCREMENT=11 DEFAULT CHARSET=utf8mb4 COLLATE=utf8mb4_unicode_ci;
/*!40101 SET character_set_client = @saved_cs_client */;

--
-- Dumping data for table `color`
--

LOCK TABLES `color` WRITE;
/*!40000 ALTER TABLE `color` DISABLE KEYS */;
INSERT INTO `color` VALUES (1,'Đen trắng',10,1,'2021-12-17 16:34:56',1,'2021-12-17 16:34:56'),(2,'Nâu trắng',10,1,'2021-12-17 16:53:29',1,'2021-12-17 16:53:29'),(3,'Nâu đỏ',10,1,'2021-12-17 16:57:00',1,'2021-12-17 16:57:00'),(4,'Trắng',10,1,'2021-12-17 17:02:51',1,'2021-12-17 17:02:51'),(5,'Xám xanh',10,1,'2021-12-17 17:07:24',1,'2021-12-17 17:07:24'),(6,'Xám trắng',10,1,'2021-12-17 21:19:02',1,'2021-12-17 21:20:07'),(7,'Vàng trắng',10,1,'2021-12-17 21:27:16',1,'2021-12-17 21:27:16'),(8,'Đen',10,1,'2021-12-17 21:33:53',1,'2021-12-17 21:33:53'),(9,'Nâu vàng',10,1,'2021-12-17 22:03:10',1,'2021-12-17 22:03:28'),(10,'Đen vàng trắng',10,1,'2021-12-17 22:20:43',1,'2021-12-17 22:20:43');
/*!40000 ALTER TABLE `color` ENABLE KEYS */;
UNLOCK TABLES;

--
-- Table structure for table `contact`
--

DROP TABLE IF EXISTS `contact`;
/*!40101 SET @saved_cs_client     = @@character_set_client */;
/*!50503 SET character_set_client = utf8mb4 */;
CREATE TABLE `contact` (
  `id` bigint unsigned NOT NULL AUTO_INCREMENT,
  `name` varchar(255) CHARACTER SET utf8 COLLATE utf8_general_ci DEFAULT NULL,
  `email` varchar(255) CHARACTER SET utf8mb4 COLLATE utf8mb4_unicode_ci DEFAULT NULL,
  `phone` varchar(25) CHARACTER SET utf8mb4 COLLATE utf8mb4_unicode_ci DEFAULT NULL,
  `subject` varchar(255) CHARACTER SET utf8 COLLATE utf8_general_ci DEFAULT NULL,
  `content` text CHARACTER SET utf8mb4 COLLATE utf8mb4_unicode_ci,
  `status` int DEFAULT NULL,
  `createdate` datetime DEFAULT NULL,
  PRIMARY KEY (`id`)
) ENGINE=InnoDB AUTO_INCREMENT=11 DEFAULT CHARSET=utf8mb4 COLLATE=utf8mb4_unicode_ci;
/*!40101 SET character_set_client = @saved_cs_client */;

--
-- Dumping data for table `contact`
--

LOCK TABLES `contact` WRITE;
/*!40000 ALTER TABLE `contact` DISABLE KEYS */;
INSERT INTO `contact` VALUES (1,'Ngô Văn Toản','toanvanngo@gmail.com','0997631093','Thú cưng giống Corgi Dog','Cửa hàng có định bán thú cưng này không ạ! Giá  là bao nhiêu trên thị trượng ạ!',10,'2021-12-27 17:13:43'),(2,'Trần Văn Hoàng','hoangtran@gmail.com','0732365876','Giá chó Husky','Có con nào trong tầm giá 3-5 triệu không shop?',10,'2021-12-27 17:13:43'),(3,'Tây Vĩnh Hòa','hoatay@gmail.com','0367823197','Hỏi thông tin nhím','Nhím shop có các loại khác không?',10,'2021-12-27 17:13:43'),(4,'Lê Quang Vũ','vulequang@gmail.com','0379876498','Thông tin poodle teacup','Shop có bán thêm về poole teacup không?',10,'2021-12-27 17:13:43'),(5,'Huỳnh Phụng Kiều','kieuhuynh@gmail.com','0368769231','Bán sóc','Shop có bán thêm sóc không?',10,'2021-12-27 17:13:43'),(6,'Lê Thị Hương','huongle@gmail.com','0365876598','Hỏi chó poodle teacup','Poodle có màu trắng teacup không?',10,'2021-12-27 17:13:43'),(7,'Nguyễn Thanh Tú','tunguyen@gmail.com','0736983721','Hỏi về giống pitbull','Shop có dòng nhỏ nhất không?',10,'2021-12-27 17:13:43'),(8,'Ngô Văn Ân','ngovanan@gmail.com','0367291876','Thông tin shop','Shop đã có những chứng nhận gì chưa?',10,'2021-12-27 17:13:43'),(9,'Nguyễn Văn Linh','linhvannguyen@gmail.com','0902124323','Hỏi về poodle','Shop có poodle loại to không?',10,'2021-12-27 18:12:43'),(10,'Lê Thị Hương','huonglt18401@st.uel.edu.vn','0965218906','Hỏi về Pitpull','Giống này có con màu trắng không shop?',10,'2022-01-02 23:23:58');
/*!40000 ALTER TABLE `contact` ENABLE KEYS */;
UNLOCK TABLES;

--
-- Table structure for table `customer`
--

DROP TABLE IF EXISTS `customer`;
/*!40101 SET @saved_cs_client     = @@character_set_client */;
/*!50503 SET character_set_client = utf8mb4 */;
CREATE TABLE `customer` (
  `id` bigint unsigned NOT NULL AUTO_INCREMENT,
  `userid` bigint unsigned DEFAULT NULL,
  `name` varchar(255) CHARACTER SET utf8 COLLATE utf8_general_ci DEFAULT NULL,
  `birthday` datetime DEFAULT NULL,
  `address` varchar(255) CHARACTER SET utf8 COLLATE utf8_general_ci DEFAULT NULL,
  `phone` varchar(25) CHARACTER SET utf8mb4 COLLATE utf8mb4_unicode_ci DEFAULT NULL,
  `email` varchar(255) CHARACTER SET utf8mb4 COLLATE utf8mb4_unicode_ci DEFAULT NULL,
  `status` int DEFAULT NULL,
  `createuser` bigint unsigned DEFAULT NULL,
  `createdate` datetime DEFAULT NULL,
  `updateuser` bigint unsigned DEFAULT NULL,
  `updatedate` datetime DEFAULT NULL,
  PRIMARY KEY (`id`),
  KEY `userid` (`userid`),
  CONSTRAINT `customer_ibfk_1` FOREIGN KEY (`userid`) REFERENCES `users` (`id`)
) ENGINE=InnoDB AUTO_INCREMENT=26 DEFAULT CHARSET=utf8mb4 COLLATE=utf8mb4_unicode_ci;
/*!40101 SET character_set_client = @saved_cs_client */;

--
-- Dumping data for table `customer`
--

LOCK TABLES `customer` WRITE;
/*!40000 ALTER TABLE `customer` DISABLE KEYS */;
INSERT INTO `customer` VALUES (1,6,'Nguyễn Hoàng Minh','2021-12-19 00:00:00','123 Củ Chi, TP.HCM','0978656753','18110326@student.hcmute.edu.vn',10,6,'2021-12-19 14:17:47',6,'2021-12-19 14:17:47'),(2,7,'Lê Thị Hương','2000-12-05 00:00:00','134/6B Hoàng Giang, Nông Cống, Thanh Hóa','0365876598','huongle@gmail.com',10,7,'2021-12-26 16:46:10',7,'2021-12-26 16:46:10'),(3,20,'Đặng Trí Nguyên','0001-01-01 00:00:00','Hòa Bắc, Long Xuyên, An Giang','0382198740','18110326@student.hcmute.edu.vn',10,20,'2022-01-02 20:23:48',1,'2022-01-02 21:35:18'),(4,20,'Đặng Trí Nguyên','0001-01-01 00:00:00','Hòa Bắc, Long Xuyên, An Giang','0382198740','18110326@student.hcmute.edu.vn',10,20,'2022-01-02 20:27:06',1,'2022-01-02 20:36:38'),(5,19,'Nguyễn Ngọc Hải',NULL,'Kom Tum, DakLak','0365271987','18110326@student.hcmute.edu.vn',10,19,'2022-01-02 20:32:35',19,'2022-01-02 20:32:35'),(6,19,'Nguyễn Ngọc Hải',NULL,'Kom Tum, DakLak','0365271987','18110326@student.hcmute.edu.vn',10,19,'2022-01-02 20:41:42',19,'2022-01-02 20:41:42'),(7,17,'Phạm Xuận Nhuận',NULL,'Hòa Tây, Bến Tre','0398284673','18110326@student.hcmute.edu.vn',10,17,'2022-01-02 20:56:43',17,'2022-01-02 20:56:43'),(8,17,'Phạm Xuận Nhuận',NULL,'Hòa Tây, Bến Tre','0398284673','18110326@student.hcmute.edu.vn',10,17,'2022-01-02 20:58:05',17,'2022-01-02 20:58:05'),(9,18,'Hồ Văn Hiếu',NULL,'Di Linh, Đà Lạt','0387623918','18110326@student.hcmute.edu.vn',10,18,'2022-01-02 21:42:10',18,'2022-01-02 21:42:10'),(10,18,'Hồ Văn Hiếu',NULL,'Di Linh, Đà Lạt','0387623918','18110326@student.hcmute.edu.vn',10,18,'2022-01-02 21:44:11',18,'2022-01-02 21:44:11'),(11,18,'Hồ Văn Hiếu',NULL,'Di Linh, Đà Lạt','0387623918','18110326@student.hcmute.edu.vn',10,18,'2022-01-02 21:58:58',18,'2022-01-02 21:58:58'),(12,16,'Tây Vĩnh Hòa',NULL,'Di Linh, Lâm Đồng','0367823197','18110278@student.hcmute.edu.vn',10,16,'2022-01-02 22:17:52',16,'2022-01-02 22:17:52'),(13,16,'Tây Vĩnh Hòa',NULL,'Di Linh, Lâm Đồng','0367823197','18110278@student.hcmute.edu.vn',10,16,'2022-01-02 22:19:19',16,'2022-01-02 22:19:19'),(14,16,'Tây Vĩnh Hòa',NULL,'Di Linh, Lâm Đồng','0367823197','18110326@student.hcmute.edu.vn',10,16,'2022-01-02 22:23:30',16,'2022-01-02 22:23:30'),(15,16,'Tây Vĩnh Hòa',NULL,'Di Linh, Lâm Đồng','0367823197','18110326@student.hcmute.edu.vn',10,16,'2022-01-02 22:27:03',16,'2022-01-02 22:27:03'),(16,8,'Bùi Khánh Hải',NULL,'Tân Ngãi, Vĩnh Long','0397384690','18110326@student.hcmute.edu.vn',10,8,'2022-01-02 22:31:10',8,'2022-01-02 22:31:10'),(17,24,'Lê Thị Hương',NULL,'Nông Cống, Thanh Hóa','0965218906','huonglt18401@st.uel.edu.vn',10,24,'2022-01-02 23:38:19',24,'2022-01-02 23:38:19'),(18,19,'Nguyễn Ngọc Hải',NULL,'KomTum, DakLak','0365271987','hainguyen@gmail.com',10,19,'2022-01-06 21:21:14',19,'2022-01-06 21:21:14'),(19,19,'Nguyễn Ngọc Hải',NULL,'KomTum, DakLak','0365271987','18110326@student.hcmute.edu.vn',10,19,'2022-01-06 21:27:44',19,'2022-01-06 21:27:44'),(20,19,'Nguyễn Ngọc Hải',NULL,'Kom Tum, Dak Lak','0365271987','18110326@student.hcmute.edu.vn',10,19,'2022-01-06 21:29:02',19,'2022-01-06 21:29:02'),(21,13,'Võ Quốc Cường',NULL,'Hòa An, Kiên Giang','0386273458','18110326@student.hcmute.edu.vn',10,13,'2022-01-06 21:32:19',13,'2022-01-06 21:32:19'),(22,13,'Võ Quốc Cường',NULL,'Hòa An, Kiên Giang','0386273458','18110326@student.hcmute.edu.vn',10,13,'2022-01-06 21:34:42',13,'2022-01-06 21:34:42'),(23,13,'Võ Quốc Cường',NULL,'Hòa An, Kiên Giang','0386273458','18110326@student.hcmute.edu.vn',10,13,'2022-01-06 21:37:59',13,'2022-01-06 21:37:59'),(24,11,'Nguyễn Văn Pháp',NULL,'Bình Tân, TP.HCM','0369872301','18110326@student.hcmute.edu.vn',10,11,'2022-01-06 21:39:51',11,'2022-01-06 21:39:51'),(25,11,'Nguyễn Văn Pháp',NULL,'Bình Tân, TP.HCM','0369872301','18110326@student.hcmute.edu.vn',10,11,'2022-01-06 21:41:12',11,'2022-01-06 21:41:12');
/*!40000 ALTER TABLE `customer` ENABLE KEYS */;
UNLOCK TABLES;

--
-- Table structure for table `order`
--

DROP TABLE IF EXISTS `order`;
/*!40101 SET @saved_cs_client     = @@character_set_client */;
/*!50503 SET character_set_client = utf8mb4 */;
CREATE TABLE `order` (
  `id` bigint unsigned NOT NULL AUTO_INCREMENT,
  `cartid` bigint unsigned DEFAULT NULL,
  `customerid` bigint unsigned DEFAULT NULL,
  `statusorderid` int DEFAULT NULL,
  `totalmoney` bigint unsigned DEFAULT NULL,
  `note` text CHARACTER SET utf8mb4 COLLATE utf8mb4_unicode_ci,
  `status` int DEFAULT NULL,
  `createuser` bigint unsigned DEFAULT NULL,
  `createdate` datetime DEFAULT NULL,
  `updateuser` bigint unsigned DEFAULT NULL,
  `updatedate` datetime DEFAULT NULL,
  PRIMARY KEY (`id`),
  KEY `cartid` (`cartid`),
  KEY `customerid` (`customerid`),
  KEY `statusorderid` (`statusorderid`),
  CONSTRAINT `order_ibfk_1` FOREIGN KEY (`cartid`) REFERENCES `cart` (`id`),
  CONSTRAINT `order_ibfk_2` FOREIGN KEY (`customerid`) REFERENCES `customer` (`id`),
  CONSTRAINT `order_ibfk_3` FOREIGN KEY (`statusorderid`) REFERENCES `statusorder` (`id`)
) ENGINE=InnoDB AUTO_INCREMENT=26 DEFAULT CHARSET=utf8mb4 COLLATE=utf8mb4_unicode_ci;
/*!40101 SET character_set_client = @saved_cs_client */;

--
-- Dumping data for table `order`
--

LOCK TABLES `order` WRITE;
/*!40000 ALTER TABLE `order` DISABLE KEYS */;
INSERT INTO `order` VALUES (1,1,1,3,18840000,'',10,6,'2021-08-01 00:00:00',6,'2021-08-01 00:00:00'),(2,2,2,3,19320000,'',10,7,'2021-08-19 00:00:00',1,'2021-08-19 00:00:00'),(3,4,3,3,18700000,'',10,20,'2021-08-23 00:00:00',1,'2021-08-23 00:00:00'),(4,4,4,3,5225000,'',10,20,'2021-09-02 00:00:00',1,'2021-09-02 00:00:00'),(5,5,5,3,8500000,'',10,19,'2021-09-11 00:00:00',1,'2021-09-11 00:00:00'),(6,5,6,3,1116000,'',10,19,'2021-09-19 00:00:00',1,'2021-09-19 00:00:00'),(7,6,7,3,11400000,'',10,17,'2021-10-04 00:00:00',1,'2021-10-04 00:00:00'),(8,6,8,3,14725000,'',10,17,'2021-10-14 00:00:00',1,'2021-10-14 00:00:00'),(9,7,9,3,9660000,'',10,18,'2021-11-05 00:00:00',1,'2021-11-05 00:00:00'),(10,7,10,3,11500000,'',10,18,'2021-11-15 00:00:00',1,'2021-11-15 00:00:00'),(11,7,11,3,27140000,'',10,18,'2021-11-25 00:00:00',1,'2021-11-25 00:00:00'),(12,8,12,3,8100000,'',10,16,'2021-12-02 00:00:00',1,'2021-12-02 00:00:00'),(13,8,13,3,6600000,'',10,16,'2021-12-20 00:00:00',1,'2021-12-20 00:00:00'),(14,8,14,3,7740000,'',10,16,'2022-01-02 22:23:30',1,'2022-01-02 22:23:51'),(15,8,15,2,8100000,'',10,16,'2022-01-02 22:27:03',1,'2022-01-06 21:44:30'),(16,9,16,2,9660000,'',10,8,'2022-01-02 22:31:10',1,'2022-01-04 15:47:08'),(17,10,17,2,5520000,'Sale 50%',10,24,'2022-01-02 23:38:19',1,'2022-01-02 23:42:37'),(18,5,18,2,7520000,'',10,19,'2022-01-06 21:21:14',1,'2022-01-06 21:44:29'),(19,5,19,1,13340000,'',10,19,'2022-01-06 21:27:44',19,'2022-01-06 21:27:44'),(20,5,20,1,11500000,'',10,19,'2022-01-06 21:29:02',19,'2022-01-06 21:29:02'),(21,11,21,1,3600000,'',10,13,'2022-01-06 21:32:19',13,'2022-01-06 21:32:19'),(22,11,22,1,8100000,'Nhẹ nhàng nha',10,13,'2022-01-06 21:34:42',13,'2022-01-06 21:34:42'),(23,11,23,1,12600000,'',10,13,'2022-01-06 21:37:59',13,'2022-01-06 21:37:59'),(24,12,24,1,1020000,'',10,11,'2022-01-06 21:39:51',11,'2022-01-06 21:39:51'),(25,12,25,1,4320000,'',10,11,'2022-01-06 21:41:12',11,'2022-01-06 21:41:12');
/*!40000 ALTER TABLE `order` ENABLE KEYS */;
UNLOCK TABLES;

--
-- Table structure for table `pet`
--

DROP TABLE IF EXISTS `pet`;
/*!40101 SET @saved_cs_client     = @@character_set_client */;
/*!50503 SET character_set_client = utf8mb4 */;
CREATE TABLE `pet` (
  `id` bigint unsigned NOT NULL AUTO_INCREMENT,
  `breedid` bigint unsigned DEFAULT NULL,
  `supplierid` bigint unsigned DEFAULT NULL,
  `content` text CHARACTER SET utf8mb4 COLLATE utf8mb4_unicode_ci,
  `status` int DEFAULT NULL,
  `createuser` bigint unsigned DEFAULT NULL,
  `createdate` datetime DEFAULT NULL,
  `updateuser` bigint unsigned DEFAULT NULL,
  `updatedate` datetime DEFAULT NULL,
  PRIMARY KEY (`id`),
  KEY `breedid` (`breedid`),
  KEY `supplierid` (`supplierid`),
  CONSTRAINT `pet_ibfk_1` FOREIGN KEY (`breedid`) REFERENCES `breed` (`id`),
  CONSTRAINT `pet_ibfk_2` FOREIGN KEY (`supplierid`) REFERENCES `supplier` (`id`)
) ENGINE=InnoDB AUTO_INCREMENT=16 DEFAULT CHARSET=utf8mb4 COLLATE=utf8mb4_unicode_ci;
/*!40101 SET character_set_client = @saved_cs_client */;

--
-- Dumping data for table `pet`
--

LOCK TABLES `pet` WRITE;
/*!40000 ALTER TABLE `pet` DISABLE KEYS */;
INSERT INTO `pet` VALUES (1,3,3,'Nhân giống tại Trang trại Dogily Kennel Đà Lạt (thành viên Hiệp hội những người nuôi chó giống Việt Nam – VKA)',10,1,'2021-12-17 16:36:06',1,'2021-12-17 16:36:29'),(2,7,8,'Nhân giống tại Trang trại Merge Pet (thành viên Hiệp hội những người nuôi chó giống Việt Nam – VKA)',10,1,'2021-12-17 16:59:07',1,'2021-12-17 16:59:07'),(3,9,5,'Nhập khẩu châu Âu (liên bang Nga)',10,1,'2021-12-17 17:05:53',1,'2021-12-17 17:05:53'),(4,10,4,'Nhân giống tại Dogily Cattery Đà Lạt',10,1,'2021-12-17 17:15:51',1,'2021-12-17 17:15:51'),(5,6,8,'Nhân giống tại Trang trại Dogily Kennel Đà Lạt (thành viên Hiệp hội những người nuôi chó giống Việt Nam – VKA). Chó bố mẹ nhập khẩu châu Âu',10,1,'2021-12-17 21:26:26',1,'2021-12-17 21:26:26'),(6,8,7,'Nhân giống tại Phú Quốc',10,1,'2021-12-17 21:33:27',1,'2021-12-17 21:33:27'),(7,4,2,'Nhân giống tại Trang trại Lê Trung Pet tại Đà Lạt (thành viên Hiệp hội những người nuôi chó giống Việt Nam – VKA)',10,1,'2021-12-17 21:39:37',1,'2021-12-17 21:39:37'),(8,5,2,'Nhân giống tại Trang trại Lê Trung Pet Đà Lạt (thành viên Hiệp hội những người nuôi chó giống Việt Nam – VKA)',10,1,'2021-12-17 21:44:46',1,'2021-12-17 21:44:57'),(9,11,7,'Nhập khẩu Nga',10,1,'2021-12-17 21:53:25',1,'2021-12-17 21:53:25'),(10,12,8,'Nhân giống tại Merge Pet',10,1,'2021-12-17 22:02:18',1,'2021-12-17 22:02:18'),(11,13,4,'Nhân giống tại Pet Xinh TP.HCM',10,1,'2021-12-17 22:07:53',1,'2021-12-17 22:08:48'),(12,14,7,'Nhân giống tại Thế giới thú cưng',10,1,'2021-12-17 22:13:54',1,'2021-12-17 22:13:54'),(13,18,7,'Nhân giống tại Thế giới thú cưng',10,1,'2021-12-17 22:38:08',1,'2021-12-17 22:38:08'),(14,19,7,'Nhân giống tại Thế giới thú cưng',10,1,'2021-12-17 22:42:13',1,'2021-12-17 22:42:13'),(15,20,7,'Nhập khẩu từ Thổ Nhĩ Kỳ tại vùng Ankara',10,1,'2021-12-17 22:45:49',1,'2021-12-17 22:45:49');
/*!40000 ALTER TABLE `pet` ENABLE KEYS */;
UNLOCK TABLES;

--
-- Table structure for table `petdetail`
--

DROP TABLE IF EXISTS `petdetail`;
/*!40101 SET @saved_cs_client     = @@character_set_client */;
/*!50503 SET character_set_client = utf8mb4 */;
CREATE TABLE `petdetail` (
  `id` bigint unsigned NOT NULL AUTO_INCREMENT,
  `petid` bigint unsigned DEFAULT NULL,
  `colorid` bigint unsigned DEFAULT NULL,
  `sizeid` bigint unsigned DEFAULT NULL,
  `ageid` bigint unsigned DEFAULT NULL,
  `sexid` int DEFAULT NULL,
  `statusdetailid` int DEFAULT NULL,
  `price` float DEFAULT NULL,
  `discount` float DEFAULT NULL,
  `quantity` int DEFAULT NULL,
  `status` int DEFAULT NULL,
  `createuser` bigint unsigned DEFAULT NULL,
  `createdate` datetime DEFAULT NULL,
  `updateuser` bigint unsigned DEFAULT NULL,
  `updatedate` datetime DEFAULT NULL,
  PRIMARY KEY (`id`),
  KEY `petid` (`petid`),
  KEY `colorid` (`colorid`),
  KEY `sizeid` (`sizeid`),
  KEY `ageid` (`ageid`),
  KEY `sexid` (`sexid`),
  KEY `statusdetailid` (`statusdetailid`),
  CONSTRAINT `petdetail_ibfk_1` FOREIGN KEY (`petid`) REFERENCES `pet` (`id`),
  CONSTRAINT `petdetail_ibfk_2` FOREIGN KEY (`colorid`) REFERENCES `color` (`id`),
  CONSTRAINT `petdetail_ibfk_3` FOREIGN KEY (`sizeid`) REFERENCES `size` (`id`),
  CONSTRAINT `petdetail_ibfk_4` FOREIGN KEY (`ageid`) REFERENCES `age` (`id`),
  CONSTRAINT `petdetail_ibfk_5` FOREIGN KEY (`sexid`) REFERENCES `sex` (`id`),
  CONSTRAINT `petdetail_ibfk_6` FOREIGN KEY (`statusdetailid`) REFERENCES `statusdetail` (`id`)
) ENGINE=InnoDB AUTO_INCREMENT=37 DEFAULT CHARSET=utf8mb4 COLLATE=utf8mb4_unicode_ci;
/*!40101 SET character_set_client = @saved_cs_client */;

--
-- Dumping data for table `petdetail`
--

LOCK TABLES `petdetail` WRITE;
/*!40000 ALTER TABLE `petdetail` DISABLE KEYS */;
INSERT INTO `petdetail` VALUES (1,1,1,2,1,1,1,5600000,10,8,10,1,'2021-12-17 16:42:33',1,'2021-12-17 16:42:33'),(2,1,2,4,7,2,1,15000000,8,4,10,1,'2021-12-17 16:55:17',18,'2022-01-02 21:58:58'),(3,2,3,1,2,1,1,6000000,8,5,10,1,'2021-12-17 17:00:13',24,'2022-01-02 23:38:19'),(4,2,4,1,1,2,1,10000000,15,7,10,1,'2021-12-17 17:03:45',19,'2022-01-02 20:32:35'),(5,3,5,2,1,2,1,5500000,5,6,10,1,'2021-12-17 17:09:45',20,'2022-01-02 20:27:06'),(6,3,7,4,6,1,1,12500000,15,6,10,1,'2021-12-17 17:13:18',1,'2021-12-17 21:30:07'),(7,4,4,4,6,1,1,14000000,10,4,10,1,'2021-12-17 17:16:42',13,'2022-01-06 21:37:59'),(8,4,6,2,1,2,1,4000000,10,5,10,1,'2021-12-17 21:19:54',1,'2021-12-17 21:19:54'),(9,5,7,4,7,1,1,12500000,8,6,10,1,'2021-12-17 21:28:37',19,'2022-01-06 21:29:02'),(10,6,8,4,7,1,1,10500000,8,5,10,1,'2021-12-17 21:34:44',8,'2022-01-02 22:31:10'),(11,7,4,2,2,1,1,7500000,12,5,10,1,'2021-12-17 21:40:41',16,'2022-01-02 22:19:19'),(12,8,6,2,1,1,1,12000000,10,10,10,1,'2021-12-17 21:46:15',1,'2021-12-17 21:50:13'),(13,8,7,4,8,1,1,22000000,15,7,10,1,'2021-12-17 21:49:16',20,'2022-01-02 20:23:48'),(14,9,4,3,5,2,1,15500000,5,4,10,1,'2021-12-17 21:54:21',17,'2022-01-02 20:58:05'),(15,9,4,1,1,1,1,7000000,4,8,10,1,'2021-12-17 21:57:32',16,'2022-01-02 22:23:30'),(16,10,9,3,4,1,1,13000000,9,2,10,1,'2021-12-17 22:04:02',1,'2021-12-17 22:04:43'),(17,11,6,2,1,2,1,5500000,2,4,10,1,'2021-12-17 22:09:53',1,'2021-12-17 22:09:53'),(18,12,10,3,3,1,1,4500000,4,7,10,1,'2021-12-17 22:22:34',11,'2022-01-06 21:41:12'),(19,13,6,1,1,1,1,1200000,15,5,10,1,'2021-12-17 22:40:19',11,'2022-01-06 21:39:51'),(20,14,1,3,3,2,1,2500000,9,5,10,1,'2021-12-17 22:43:09',1,'2021-12-17 22:43:09'),(21,15,9,3,4,2,1,1200000,7,11,10,1,'2021-12-17 22:49:06',19,'2022-01-02 20:41:42'),(22,1,1,3,6,2,1,14500000,8,5,10,1,'2021-12-26 15:03:24',19,'2022-01-06 21:27:44'),(23,1,2,2,1,1,1,6000000,8,7,10,1,'2021-12-26 15:07:14',1,'2021-12-26 15:07:58'),(24,7,2,2,1,1,1,6500000,9,5,10,1,'2021-12-26 15:13:00',1,'2021-12-26 15:13:00'),(25,8,6,4,6,1,1,20000000,12,5,10,1,'2021-12-26 15:18:13',1,'2021-12-26 15:18:13'),(26,5,7,2,1,2,1,6500000,12,6,10,1,'2021-12-26 15:22:01',1,'2021-12-26 15:23:20'),(27,2,3,3,5,2,1,9000000,10,5,10,1,'2021-12-26 15:44:12',13,'2022-01-06 21:34:42'),(28,3,5,3,5,2,1,9500000,7,4,10,1,'2021-12-26 15:47:02',1,'2021-12-26 15:47:43'),(29,3,4,3,5,1,1,12000000,5,6,10,1,'2021-12-26 15:51:17',17,'2022-01-02 20:56:43'),(30,4,4,2,1,1,1,8000000,6,6,10,1,'2021-12-26 15:54:33',19,'2022-01-06 21:21:14'),(31,10,9,2,1,1,1,7000000,5,7,10,1,'2021-12-26 15:57:37',1,'2021-12-26 15:57:37'),(32,11,5,2,1,1,1,5000000,6,4,10,1,'2021-12-26 16:01:35',1,'2021-12-26 16:01:35'),(33,15,4,4,6,1,1,4000000,10,9,10,1,'2021-12-26 16:05:13',13,'2022-01-06 21:32:19'),(34,13,10,2,3,2,1,2300000,5,7,10,1,'2021-12-26 16:07:24',1,'2021-12-26 16:07:24'),(35,13,6,1,2,1,1,3200000,12,6,10,1,'2021-12-26 16:09:41',1,'2021-12-26 16:09:41'),(36,14,4,2,2,1,1,4000000,7,8,10,1,'2021-12-26 16:12:44',1,'2021-12-26 16:12:44');
/*!40000 ALTER TABLE `petdetail` ENABLE KEYS */;
UNLOCK TABLES;

--
-- Table structure for table `petimage`
--

DROP TABLE IF EXISTS `petimage`;
/*!40101 SET @saved_cs_client     = @@character_set_client */;
/*!50503 SET character_set_client = utf8mb4 */;
CREATE TABLE `petimage` (
  `id` bigint unsigned NOT NULL AUTO_INCREMENT,
  `image` varchar(255) CHARACTER SET utf8mb4 COLLATE utf8mb4_unicode_ci DEFAULT NULL,
  `status` int DEFAULT NULL,
  `createuser` bigint unsigned DEFAULT NULL,
  `createdate` datetime DEFAULT NULL,
  `updateuser` bigint unsigned DEFAULT NULL,
  `updatedate` datetime DEFAULT NULL,
  PRIMARY KEY (`id`)
) ENGINE=InnoDB AUTO_INCREMENT=109 DEFAULT CHARSET=utf8mb4 COLLATE=utf8mb4_unicode_ci;
/*!40101 SET character_set_client = @saved_cs_client */;

--
-- Dumping data for table `petimage`
--

LOCK TABLES `petimage` WRITE;
/*!40000 ALTER TABLE `petimage` DISABLE KEYS */;
INSERT INTO `petimage` VALUES (1,'Image_PetDetail_399283bc-598c-4156-99ec-4f37db4a32bd.jpg',10,1,'2021-12-17 16:42:33',1,'2021-12-17 16:42:33'),(2,'Image_PetDetail_e8a16e04-e1f8-47bf-9785-4f6e07e2ad41.jpg',10,1,'2021-12-17 16:42:33',1,'2021-12-17 16:42:33'),(3,'Image_PetDetail_02de27aa-cc05-475d-84ba-1f71b11669a7.png',10,1,'2021-12-17 16:42:33',1,'2021-12-17 16:42:33'),(4,'Image_PetDetail_1cf02087-5f1f-49bd-9e53-5fb63694841e.png',10,1,'2021-12-17 16:55:17',1,'2021-12-17 16:55:17'),(5,'Image_PetDetail_b5918051-e5b3-4f89-a4fd-032248c4180a.jpg',10,1,'2021-12-17 16:55:17',1,'2021-12-17 16:55:17'),(6,'Image_PetDetail_d07af5cd-61d3-4415-9586-2951cda1c0d4.png',10,1,'2021-12-17 16:55:17',1,'2021-12-17 16:55:17'),(7,'Image_PetDetail_1a4ced5e-5451-467e-9095-85b5aedc4f6b.jpg',10,1,'2021-12-17 17:00:13',1,'2021-12-17 17:00:13'),(8,'Image_PetDetail_6da6360c-541d-4bf5-8edd-7de883c4b02f.jpg',10,1,'2021-12-17 17:00:13',1,'2021-12-17 17:00:13'),(9,'Image_PetDetail_e1da75c9-bdda-44a8-9847-48a26c6b29da.jpg',10,1,'2021-12-17 17:00:13',1,'2021-12-17 17:00:13'),(10,'Image_PetDetail_bf85fe4c-226b-4f16-9869-cd3028a57b45.jpg',10,1,'2021-12-17 17:03:45',1,'2021-12-17 17:03:45'),(11,'Image_PetDetail_f4ccf872-643a-4034-b753-75c664b09ad4.jpg',10,1,'2021-12-17 17:03:45',1,'2021-12-17 17:03:45'),(12,'Image_PetDetail_a253a84e-8e5e-44e8-b1ad-1db5cf84a822.jpg',10,1,'2021-12-17 17:03:45',1,'2021-12-17 17:03:45'),(13,'Image_PetDetail_9b07654a-86c2-4636-939d-213ab6fb03fd.jpg',10,1,'2021-12-17 17:09:45',1,'2021-12-17 17:09:45'),(14,'Image_PetDetail_27458d7a-f7be-4b64-9cbe-97ed6f21eab7.jpg',10,1,'2021-12-17 17:09:45',1,'2021-12-17 17:09:45'),(15,'Image_PetDetail_f1bc517b-7a73-46e7-a410-c2ef24b9b275.jpg',10,1,'2021-12-17 17:09:45',1,'2021-12-17 17:09:45'),(16,'Image_PetDetail_44fb46aa-c67c-41b0-9201-9c480e11ce9a.jpg',10,1,'2021-12-17 17:13:18',1,'2021-12-17 17:13:18'),(17,'Image_PetDetail_d5f6a4c3-44fa-4521-ae0f-e28ef9797dff.jpg',10,1,'2021-12-17 17:13:18',1,'2021-12-17 17:13:18'),(18,'Image_PetDetail_c1563a83-fd3a-4ca9-ab2f-8f69ec93db7b.jpg',10,1,'2021-12-17 17:13:18',1,'2021-12-17 17:13:18'),(19,'Image_PetDetail_6fcac3af-0347-4703-8a5f-58742bf8ef4e.jpg',10,1,'2021-12-17 17:16:42',1,'2021-12-17 17:16:42'),(20,'Image_PetDetail_9be3f4fd-35f0-4adb-9d36-5fc74cc69109.jpg',10,1,'2021-12-17 17:16:42',1,'2021-12-17 17:16:42'),(21,'Image_PetDetail_7b0563e6-fad6-4fc7-b9ba-288aa54a6f10.jpg',10,1,'2021-12-17 17:16:42',1,'2021-12-17 17:16:42'),(22,'Image_PetDetail_b42e2cb9-a8a5-4f5a-88e3-c13bc604517f.jpg',10,1,'2021-12-17 21:19:54',1,'2021-12-17 21:19:54'),(23,'Image_PetDetail_a7db2d13-309c-44ff-bc92-99dd1159b598.jpg',10,1,'2021-12-17 21:19:54',1,'2021-12-17 21:19:54'),(24,'Image_PetDetail_2559845b-9eae-441a-b3bc-568456d3f737.jpg',10,1,'2021-12-17 21:19:54',1,'2021-12-17 21:19:54'),(25,'Image_PetDetail_776f1fd7-90d9-4437-b13f-ed40341ca77f.jpg',10,1,'2021-12-17 21:29:11',1,'2021-12-17 21:29:11'),(26,'Image_PetDetail_444f1256-c663-4bcb-8176-d3ae509f490c.jpg',10,1,'2021-12-17 21:29:11',1,'2021-12-17 21:29:11'),(27,'Image_PetDetail_242b0ae4-748d-4ed2-846e-b73a62e65f4e.jpg',10,1,'2021-12-17 21:29:11',1,'2021-12-17 21:29:11'),(28,'Image_PetDetail_436bb5e5-4c59-4e6a-b4fc-c3e8e321bc69.jpg',10,1,'2021-12-17 21:35:37',1,'2021-12-17 21:35:37'),(29,'Image_PetDetail_b7406502-3f33-4a93-baa5-c0aba9cf9d32.jpg',10,1,'2021-12-17 21:35:37',1,'2021-12-17 21:35:37'),(30,'Image_PetDetail_ecf18c13-df90-4196-adb1-87d1aeeca0af.jpg',10,1,'2021-12-17 21:35:37',1,'2021-12-17 21:35:37'),(31,'Image_PetDetail_30223709-85eb-4f07-bcbd-fdc825ca612b.jpg',10,1,'2021-12-17 21:40:41',1,'2021-12-17 21:40:41'),(32,'Image_PetDetail_72263594-ab2f-4784-a1e4-8c953bee01d8.jpg',10,1,'2021-12-17 21:40:41',1,'2021-12-17 21:40:41'),(33,'Image_PetDetail_354a444b-b843-4f47-aa92-b8c23b0673ee.jpg',10,1,'2021-12-17 21:40:41',1,'2021-12-17 21:40:41'),(34,'Image_PetDetail_12192576-2d62-4546-b177-981744254e1e.jpg',10,1,'2021-12-17 21:46:15',1,'2021-12-17 21:46:15'),(35,'Image_PetDetail_12f3daec-5fb5-4638-9a0c-3bc55b6e9477.jpg',10,1,'2021-12-17 21:46:15',1,'2021-12-17 21:46:15'),(36,'Image_PetDetail_5a8d3fb4-c57b-40a1-9d6a-df486932d701.jpg',10,1,'2021-12-17 21:46:15',1,'2021-12-17 21:46:15'),(37,'Image_PetDetail_a00339f8-d388-4fd5-9387-91148f9cd8d3.jpg',10,1,'2021-12-17 21:49:16',1,'2021-12-17 21:49:16'),(38,'Image_PetDetail_1c233864-dd9e-4fd4-b81f-9c02dcb6ee1e.jpg',10,1,'2021-12-17 21:49:16',1,'2021-12-17 21:49:16'),(39,'Image_PetDetail_57a1daf6-64ac-429d-9095-5f17e98e41be.jpg',10,1,'2021-12-17 21:49:16',1,'2021-12-17 21:49:16'),(40,'Image_PetDetail_53b6186c-e1db-4b0d-b212-a936c7001c70.jpg',10,1,'2021-12-17 21:54:21',1,'2021-12-17 21:54:21'),(41,'Image_PetDetail_0d3f2d14-2bb3-46d1-b9ee-4d2b5bedf9d2.jpg',10,1,'2021-12-17 21:54:21',1,'2021-12-17 21:54:21'),(42,'Image_PetDetail_f607f2fa-0e50-4109-a6d0-dc799d3df67e.jpg',10,1,'2021-12-17 21:54:21',1,'2021-12-17 21:54:21'),(43,'Image_PetDetail_08c40c7d-80b8-42a4-8d67-0d8bd311289f.jpg',10,1,'2021-12-17 21:57:32',1,'2021-12-17 21:57:32'),(44,'Image_PetDetail_446de3bb-93a7-4a52-8b4b-893fc21c6150.jpg',10,1,'2021-12-17 21:57:32',1,'2021-12-17 21:57:32'),(45,'Image_PetDetail_2036b9aa-f118-460f-8ef1-fc78aec09a5d.jpg',10,1,'2021-12-17 21:57:32',1,'2021-12-17 21:57:32'),(46,'Image_PetDetail_60af76b3-312e-4d77-bdbf-b0d7ff88d3e9.jpg',10,1,'2021-12-17 22:04:43',1,'2021-12-17 22:04:43'),(47,'Image_PetDetail_a21a9550-6031-4ea4-b367-3bf5761844f8.jpg',10,1,'2021-12-17 22:04:43',1,'2021-12-17 22:04:43'),(48,'Image_PetDetail_b8ff6e9e-ed0d-4763-8aa6-9b330e9abd2b.jpg',10,1,'2021-12-17 22:04:43',1,'2021-12-17 22:04:43'),(49,'Image_PetDetail_5ad96f19-a488-4b43-97d1-00d9777fbec2.jpg',10,1,'2021-12-17 22:09:53',1,'2021-12-17 22:09:53'),(50,'Image_PetDetail_05c8565d-16eb-4c99-976e-b32d9938d70a.jpg',10,1,'2021-12-17 22:09:53',1,'2021-12-17 22:09:53'),(51,'Image_PetDetail_9ba8a9b5-f1fb-4c1e-b21f-c80ecc788dcb.jpg',10,1,'2021-12-17 22:09:53',1,'2021-12-17 22:09:53'),(52,'Image_PetDetail_fd92fa83-6b6e-4d93-9f4a-2595fd098818.jpg',10,1,'2021-12-17 22:22:34',1,'2021-12-17 22:22:34'),(53,'Image_PetDetail_92b08d2f-f1c1-42aa-9b2f-4145291904fa.jpg',10,1,'2021-12-17 22:22:34',1,'2021-12-17 22:22:34'),(54,'Image_PetDetail_448b4cb8-6bc2-4522-987b-b70d8026dbba.jpg',10,1,'2021-12-17 22:22:34',1,'2021-12-17 22:22:34'),(55,'Image_PetDetail_286120c8-c491-4396-a26a-0ba4ff9aa88a.jpg',10,1,'2021-12-17 22:40:19',1,'2021-12-17 22:40:19'),(56,'Image_PetDetail_0b4a74a9-41ea-467d-8f1d-f0375cf85ba6.jpg',10,1,'2021-12-17 22:40:19',1,'2021-12-17 22:40:19'),(57,'Image_PetDetail_6c507e10-a390-4d64-83fb-25047db85e95.jpg',10,1,'2021-12-17 22:40:19',1,'2021-12-17 22:40:19'),(58,'Image_PetDetail_59129345-4b01-44c4-b16a-84a001138ea3.jpg',10,1,'2021-12-17 22:43:09',1,'2021-12-17 22:43:09'),(59,'Image_PetDetail_b6aa9cdc-adf4-4395-b883-f915427e2fb1.jpg',10,1,'2021-12-17 22:43:09',1,'2021-12-17 22:43:09'),(60,'Image_PetDetail_a726ee23-0043-4846-8351-be1aae179d49.jpg',10,1,'2021-12-17 22:43:09',1,'2021-12-17 22:43:09'),(61,'Image_PetDetail_01bf6b7b-8708-4b7f-853a-7519c243ee5f.jpg',10,1,'2021-12-17 22:49:06',1,'2021-12-17 22:49:06'),(62,'Image_PetDetail_c72a55dc-e7d7-4a74-b587-a13d990c140a.jpg',10,1,'2021-12-17 22:49:06',1,'2021-12-17 22:49:06'),(63,'Image_PetDetail_b43dfa6f-2b10-4d27-bf3c-5fa1020f801a.jpg',10,1,'2021-12-17 22:49:06',1,'2021-12-17 22:49:06'),(64,'Image_PetDetail_cf8ee01a-59de-49cb-b13c-8c64c77e2faf.jpg',10,1,'2021-12-26 15:03:24',1,'2021-12-26 15:03:24'),(65,'Image_PetDetail_75841fca-dacb-4c1e-a9bb-01a7c2a9efd4.jpg',10,1,'2021-12-26 15:03:24',1,'2021-12-26 15:03:24'),(66,'Image_PetDetail_2b093425-dd29-4645-9bf1-8ecc1a995d40.jpg',10,1,'2021-12-26 15:03:24',1,'2021-12-26 15:03:24'),(67,'Image_PetDetail_65686cf8-958b-4578-ad2f-0ecb798e6d62.jpg',10,1,'2021-12-26 15:07:58',1,'2021-12-26 15:07:58'),(68,'Image_PetDetail_51431b3d-c4eb-49b8-9824-5c65fdb06f39.jpg',10,1,'2021-12-26 15:07:58',1,'2021-12-26 15:07:58'),(69,'Image_PetDetail_ac6b795a-6aef-434a-ba86-bbb128d64709.jpg',10,1,'2021-12-26 15:07:58',1,'2021-12-26 15:07:58'),(70,'Image_PetDetail_3d7530f0-dc80-4210-9493-5a1a3910cbb2.jpg',10,1,'2021-12-26 15:13:00',1,'2021-12-26 15:13:00'),(71,'Image_PetDetail_b3bd5b94-742f-4399-88e5-c656cda59137.jpg',10,1,'2021-12-26 15:13:00',1,'2021-12-26 15:13:00'),(72,'Image_PetDetail_e65fdebb-b8e8-4798-8780-a574b875b71a.jpg',10,1,'2021-12-26 15:13:00',1,'2021-12-26 15:13:00'),(73,'Image_PetDetail_7aebe09f-04b4-4f5f-a91f-596084f0d2bc.jpg',10,1,'2021-12-26 15:18:13',1,'2021-12-26 15:18:13'),(74,'Image_PetDetail_17fff68b-1394-489c-8c18-c5725a73b96a.jpg',10,1,'2021-12-26 15:18:13',1,'2021-12-26 15:18:13'),(75,'Image_PetDetail_946bd14e-678c-40f6-a031-f9bf76883ce8.jpg',10,1,'2021-12-26 15:18:13',1,'2021-12-26 15:18:13'),(76,'Image_PetDetail_528d3a6c-a16e-420c-80d2-3f53e0393353.jpg',10,1,'2021-12-26 15:22:01',1,'2021-12-26 15:22:01'),(77,'Image_PetDetail_fbb87aa3-4649-4bf0-9189-b181185096ba.jpg',10,1,'2021-12-26 15:22:01',1,'2021-12-26 15:22:01'),(78,'Image_PetDetail_c361eed9-169c-4a0e-9d71-477c65961370.jpg',10,1,'2021-12-26 15:22:01',1,'2021-12-26 15:22:01'),(79,'Image_PetDetail_b2ef84ac-73d2-4be2-9820-edcc74d89a04.jpg',10,1,'2021-12-26 15:44:12',1,'2021-12-26 15:44:12'),(80,'Image_PetDetail_fe59fdf6-3bf0-413d-a5e2-8fe94e145e6b.jpg',10,1,'2021-12-26 15:44:12',1,'2021-12-26 15:44:12'),(81,'Image_PetDetail_51fedae3-0c34-4654-8849-d3b9cfce83a0.jpg',10,1,'2021-12-26 15:44:12',1,'2021-12-26 15:44:12'),(82,'Image_PetDetail_b6ba50b3-c60b-4f86-8627-40f9f3a316b1.jpg',10,1,'2021-12-26 15:47:43',1,'2021-12-26 15:47:43'),(83,'Image_PetDetail_1afdeb05-ed20-42f2-b4cd-6fd35f278275.jpg',10,1,'2021-12-26 15:47:43',1,'2021-12-26 15:47:43'),(84,'Image_PetDetail_e375cc83-a8a2-49fb-b084-8de64c59bda5.jpg',10,1,'2021-12-26 15:47:43',1,'2021-12-26 15:47:43'),(85,'Image_PetDetail_3ae484bb-bd4d-4296-b002-f4d276b8f6f1.jpg',10,1,'2021-12-26 15:51:17',1,'2021-12-26 15:51:17'),(86,'Image_PetDetail_329c55cd-926e-4242-bb19-4f579290c5a1.jpg',10,1,'2021-12-26 15:51:17',1,'2021-12-26 15:51:17'),(87,'Image_PetDetail_a9c02aec-3ad3-48d1-9758-b7ffde70060b.jpg',10,1,'2021-12-26 15:51:17',1,'2021-12-26 15:51:17'),(88,'Image_PetDetail_9795e42f-09a3-4570-845f-3a71c775a6c1.jpg',10,1,'2021-12-26 15:54:33',1,'2021-12-26 15:54:33'),(89,'Image_PetDetail_a3a1fbee-0369-4db0-bd01-b429a2669704.jpg',10,1,'2021-12-26 15:54:33',1,'2021-12-26 15:54:33'),(90,'Image_PetDetail_c7c0f3c0-1dde-47fc-b2f3-692ac86fd7b5.jpg',10,1,'2021-12-26 15:54:33',1,'2021-12-26 15:54:33'),(91,'Image_PetDetail_4583fe9e-2259-4bee-96bd-42f70eb3e5ee.jpg',10,1,'2021-12-26 15:57:37',1,'2021-12-26 15:57:37'),(92,'Image_PetDetail_bea7a6c4-3415-438f-ab7c-5e2a28927cf5.jpg',10,1,'2021-12-26 15:57:37',1,'2021-12-26 15:57:37'),(93,'Image_PetDetail_c1ee226e-9775-4690-9826-a3eeace10782.jpg',10,1,'2021-12-26 15:57:37',1,'2021-12-26 15:57:37'),(94,'Image_PetDetail_b3b10aa7-068c-49ca-a6bf-59a3e6f49da4.jpg',10,1,'2021-12-26 16:01:35',1,'2021-12-26 16:01:35'),(95,'Image_PetDetail_bbbfaae5-94bb-4255-a05d-12e65c3f9c1f.jpg',10,1,'2021-12-26 16:01:35',1,'2021-12-26 16:01:35'),(96,'Image_PetDetail_62faf173-8178-4b1c-b56e-cf398ea89400.jpg',10,1,'2021-12-26 16:01:35',1,'2021-12-26 16:01:35'),(97,'Image_PetDetail_9de46158-259d-44fc-b9b7-b3850999e930.jpg',10,1,'2021-12-26 16:05:13',1,'2021-12-26 16:05:13'),(98,'Image_PetDetail_366e0dae-57b2-4825-a340-103d66417493.jpg',10,1,'2021-12-26 16:05:13',1,'2021-12-26 16:05:13'),(99,'Image_PetDetail_4d7c14c3-7b70-4669-8b57-8c80490caf22.jpg',10,1,'2021-12-26 16:05:13',1,'2021-12-26 16:05:13'),(100,'Image_PetDetail_29e3f998-dbd6-497a-b4fe-2eb772e3bced.jpg',10,1,'2021-12-26 16:07:24',1,'2021-12-26 16:07:24'),(101,'Image_PetDetail_75da4d1c-7c50-4213-83d3-268dde43005d.jpg',10,1,'2021-12-26 16:07:24',1,'2021-12-26 16:07:24'),(102,'Image_PetDetail_f70a2e80-d370-44b0-a572-355a9d7f0909.jpg',10,1,'2021-12-26 16:07:24',1,'2021-12-26 16:07:24'),(103,'Image_PetDetail_2a8a54e9-1e7f-4b9d-a26e-9dafa2fc627f.jpg',10,1,'2021-12-26 16:09:41',1,'2021-12-26 16:09:41'),(104,'Image_PetDetail_d922a268-8ff7-4746-b589-40b829fff423.jpg',10,1,'2021-12-26 16:09:41',1,'2021-12-26 16:09:41'),(105,'Image_PetDetail_4f4874ae-c45a-4fee-a9a7-06d8a1c6eccf.jpg',10,1,'2021-12-26 16:09:41',1,'2021-12-26 16:09:41'),(106,'Image_PetDetail_c9fb6fa5-11d3-4db1-baba-2d68200e780c.jpg',10,1,'2021-12-26 16:12:44',1,'2021-12-26 16:12:44'),(107,'Image_PetDetail_45082117-7d31-4639-968b-9d09e4d65282.jpg',10,1,'2021-12-26 16:12:44',1,'2021-12-26 16:12:44'),(108,'Image_PetDetail_4a52ea77-670d-4fbe-a55c-71ecd5ac2719.jpg',10,1,'2021-12-26 16:12:44',1,'2021-12-26 16:12:44');
/*!40000 ALTER TABLE `petimage` ENABLE KEYS */;
UNLOCK TABLES;

--
-- Table structure for table `petimagefor`
--

DROP TABLE IF EXISTS `petimagefor`;
/*!40101 SET @saved_cs_client     = @@character_set_client */;
/*!50503 SET character_set_client = utf8mb4 */;
CREATE TABLE `petimagefor` (
  `id` bigint unsigned NOT NULL AUTO_INCREMENT,
  `petdetailid` bigint unsigned NOT NULL,
  `petimageid` bigint unsigned NOT NULL,
  `status` int DEFAULT NULL,
  `createuser` bigint unsigned DEFAULT NULL,
  `createdate` datetime DEFAULT NULL,
  `updateuser` bigint unsigned DEFAULT NULL,
  `updatedate` datetime DEFAULT NULL,
  PRIMARY KEY (`id`,`petimageid`,`petdetailid`),
  KEY `petimageid` (`petimageid`),
  KEY `petdetailid` (`petdetailid`),
  CONSTRAINT `petimagefor_ibfk_1` FOREIGN KEY (`petimageid`) REFERENCES `petimage` (`id`),
  CONSTRAINT `petimagefor_ibfk_2` FOREIGN KEY (`petdetailid`) REFERENCES `petdetail` (`id`)
) ENGINE=InnoDB AUTO_INCREMENT=109 DEFAULT CHARSET=utf8mb4 COLLATE=utf8mb4_unicode_ci;
/*!40101 SET character_set_client = @saved_cs_client */;

--
-- Dumping data for table `petimagefor`
--

LOCK TABLES `petimagefor` WRITE;
/*!40000 ALTER TABLE `petimagefor` DISABLE KEYS */;
INSERT INTO `petimagefor` VALUES (1,1,1,10,1,'2021-12-17 16:42:33',1,'2021-12-17 16:42:33'),(2,1,2,10,1,'2021-12-17 16:42:33',1,'2021-12-17 16:42:33'),(3,1,3,10,1,'2021-12-17 16:42:33',1,'2021-12-17 16:42:33'),(4,2,4,10,1,'2021-12-17 16:55:17',1,'2021-12-17 16:55:17'),(5,2,5,10,1,'2021-12-17 16:55:17',1,'2021-12-17 16:55:17'),(6,2,6,10,1,'2021-12-17 16:55:17',1,'2021-12-17 16:55:17'),(7,3,7,10,1,'2021-12-17 17:00:13',1,'2021-12-17 17:00:13'),(8,3,8,10,1,'2021-12-17 17:00:13',1,'2021-12-17 17:00:13'),(9,3,9,10,1,'2021-12-17 17:00:13',1,'2021-12-17 17:00:13'),(10,4,10,10,1,'2021-12-17 17:03:45',1,'2021-12-17 17:03:45'),(11,4,11,10,1,'2021-12-17 17:03:45',1,'2021-12-17 17:03:45'),(12,4,12,10,1,'2021-12-17 17:03:45',1,'2021-12-17 17:03:45'),(13,5,13,10,1,'2021-12-17 17:09:45',1,'2021-12-17 17:09:45'),(14,5,14,10,1,'2021-12-17 17:09:45',1,'2021-12-17 17:09:45'),(15,5,15,10,1,'2021-12-17 17:09:45',1,'2021-12-17 17:09:45'),(16,6,16,10,1,'2021-12-17 17:13:18',1,'2021-12-17 17:13:18'),(17,6,17,10,1,'2021-12-17 17:13:18',1,'2021-12-17 17:13:18'),(18,6,18,10,1,'2021-12-17 17:13:18',1,'2021-12-17 17:13:18'),(19,7,19,10,1,'2021-12-17 17:16:42',1,'2021-12-17 17:16:42'),(20,7,20,10,1,'2021-12-17 17:16:42',1,'2021-12-17 17:16:42'),(21,7,21,10,1,'2021-12-17 17:16:42',1,'2021-12-17 17:16:42'),(22,8,22,10,1,'2021-12-17 21:19:54',1,'2021-12-17 21:19:54'),(23,8,23,10,1,'2021-12-17 21:19:54',1,'2021-12-17 21:19:54'),(24,8,24,10,1,'2021-12-17 21:19:54',1,'2021-12-17 21:19:54'),(25,9,25,10,1,'2021-12-17 21:29:11',1,'2021-12-17 21:29:11'),(26,9,26,10,1,'2021-12-17 21:29:11',1,'2021-12-17 21:29:11'),(27,9,27,10,1,'2021-12-17 21:29:11',1,'2021-12-17 21:29:11'),(28,10,28,10,1,'2021-12-17 21:35:37',1,'2021-12-17 21:35:37'),(29,10,29,10,1,'2021-12-17 21:35:37',1,'2021-12-17 21:35:37'),(30,10,30,10,1,'2021-12-17 21:35:37',1,'2021-12-17 21:35:37'),(31,11,31,10,1,'2021-12-17 21:40:41',1,'2021-12-17 21:40:41'),(32,11,32,10,1,'2021-12-17 21:40:41',1,'2021-12-17 21:40:41'),(33,11,33,10,1,'2021-12-17 21:40:41',1,'2021-12-17 21:40:41'),(34,12,34,10,1,'2021-12-17 21:46:15',1,'2021-12-17 21:46:15'),(35,12,35,10,1,'2021-12-17 21:46:15',1,'2021-12-17 21:46:15'),(36,12,36,10,1,'2021-12-17 21:46:15',1,'2021-12-17 21:46:15'),(37,13,37,10,1,'2021-12-17 21:49:16',1,'2021-12-17 21:49:16'),(38,13,38,10,1,'2021-12-17 21:49:16',1,'2021-12-17 21:49:16'),(39,13,39,10,1,'2021-12-17 21:49:16',1,'2021-12-17 21:49:16'),(40,14,40,10,1,'2021-12-17 21:54:21',1,'2021-12-17 21:54:21'),(41,14,41,10,1,'2021-12-17 21:54:21',1,'2021-12-17 21:54:21'),(42,14,42,10,1,'2021-12-17 21:54:21',1,'2021-12-17 21:54:21'),(43,15,43,10,1,'2021-12-17 21:57:32',1,'2021-12-17 21:57:32'),(44,15,44,10,1,'2021-12-17 21:57:32',1,'2021-12-17 21:57:32'),(45,15,45,10,1,'2021-12-17 21:57:32',1,'2021-12-17 21:57:32'),(46,16,46,10,1,'2021-12-17 22:04:43',1,'2021-12-17 22:04:43'),(47,16,47,10,1,'2021-12-17 22:04:43',1,'2021-12-17 22:04:43'),(48,16,48,10,1,'2021-12-17 22:04:43',1,'2021-12-17 22:04:43'),(49,17,49,10,1,'2021-12-17 22:09:53',1,'2021-12-17 22:09:53'),(50,17,50,10,1,'2021-12-17 22:09:53',1,'2021-12-17 22:09:53'),(51,17,51,10,1,'2021-12-17 22:09:53',1,'2021-12-17 22:09:53'),(52,18,52,10,1,'2021-12-17 22:22:34',1,'2021-12-17 22:22:34'),(53,18,53,10,1,'2021-12-17 22:22:34',1,'2021-12-17 22:22:34'),(54,18,54,10,1,'2021-12-17 22:22:34',1,'2021-12-17 22:22:34'),(55,19,55,10,1,'2021-12-17 22:40:19',1,'2021-12-17 22:40:19'),(56,19,56,10,1,'2021-12-17 22:40:19',1,'2021-12-17 22:40:19'),(57,19,57,10,1,'2021-12-17 22:40:19',1,'2021-12-17 22:40:19'),(58,20,58,10,1,'2021-12-17 22:43:09',1,'2021-12-17 22:43:09'),(59,20,59,10,1,'2021-12-17 22:43:09',1,'2021-12-17 22:43:09'),(60,20,60,10,1,'2021-12-17 22:43:09',1,'2021-12-17 22:43:09'),(61,21,61,10,1,'2021-12-17 22:49:06',1,'2021-12-17 22:49:06'),(62,21,62,10,1,'2021-12-17 22:49:06',1,'2021-12-17 22:49:06'),(63,21,63,10,1,'2021-12-17 22:49:06',1,'2021-12-17 22:49:06'),(64,22,64,10,1,'2021-12-26 15:03:24',1,'2021-12-26 15:03:24'),(65,22,65,10,1,'2021-12-26 15:03:24',1,'2021-12-26 15:03:24'),(66,22,66,10,1,'2021-12-26 15:03:24',1,'2021-12-26 15:03:24'),(67,23,67,10,1,'2021-12-26 15:07:58',1,'2021-12-26 15:07:58'),(68,23,68,10,1,'2021-12-26 15:07:58',1,'2021-12-26 15:07:58'),(69,23,69,10,1,'2021-12-26 15:07:58',1,'2021-12-26 15:07:58'),(70,24,70,10,1,'2021-12-26 15:13:00',1,'2021-12-26 15:13:00'),(71,24,71,10,1,'2021-12-26 15:13:00',1,'2021-12-26 15:13:00'),(72,24,72,10,1,'2021-12-26 15:13:00',1,'2021-12-26 15:13:00'),(73,25,73,10,1,'2021-12-26 15:18:13',1,'2021-12-26 15:18:13'),(74,25,74,10,1,'2021-12-26 15:18:13',1,'2021-12-26 15:18:13'),(75,25,75,10,1,'2021-12-26 15:18:13',1,'2021-12-26 15:18:13'),(76,26,76,10,1,'2021-12-26 15:22:01',1,'2021-12-26 15:22:01'),(77,26,77,10,1,'2021-12-26 15:22:01',1,'2021-12-26 15:22:01'),(78,26,78,10,1,'2021-12-26 15:22:01',1,'2021-12-26 15:22:01'),(79,27,79,10,1,'2021-12-26 15:44:12',1,'2021-12-26 15:44:12'),(80,27,80,10,1,'2021-12-26 15:44:12',1,'2021-12-26 15:44:12'),(81,27,81,10,1,'2021-12-26 15:44:12',1,'2021-12-26 15:44:12'),(82,28,82,10,1,'2021-12-26 15:47:43',1,'2021-12-26 15:47:43'),(83,28,83,10,1,'2021-12-26 15:47:43',1,'2021-12-26 15:47:43'),(84,28,84,10,1,'2021-12-26 15:47:43',1,'2021-12-26 15:47:43'),(85,29,85,10,1,'2021-12-26 15:51:17',1,'2021-12-26 15:51:17'),(86,29,86,10,1,'2021-12-26 15:51:17',1,'2021-12-26 15:51:17'),(87,29,87,10,1,'2021-12-26 15:51:17',1,'2021-12-26 15:51:17'),(88,30,88,10,1,'2021-12-26 15:54:33',1,'2021-12-26 15:54:33'),(89,30,89,10,1,'2021-12-26 15:54:33',1,'2021-12-26 15:54:33'),(90,30,90,10,1,'2021-12-26 15:54:33',1,'2021-12-26 15:54:33'),(91,31,91,10,1,'2021-12-26 15:57:37',1,'2021-12-26 15:57:37'),(92,31,92,10,1,'2021-12-26 15:57:37',1,'2021-12-26 15:57:37'),(93,31,93,10,1,'2021-12-26 15:57:37',1,'2021-12-26 15:57:37'),(94,32,94,10,1,'2021-12-26 16:01:35',1,'2021-12-26 16:01:35'),(95,32,95,10,1,'2021-12-26 16:01:35',1,'2021-12-26 16:01:35'),(96,32,96,10,1,'2021-12-26 16:01:35',1,'2021-12-26 16:01:35'),(97,33,97,10,1,'2021-12-26 16:05:13',1,'2021-12-26 16:05:13'),(98,33,98,10,1,'2021-12-26 16:05:13',1,'2021-12-26 16:05:13'),(99,33,99,10,1,'2021-12-26 16:05:13',1,'2021-12-26 16:05:13'),(100,34,100,10,1,'2021-12-26 16:07:24',1,'2021-12-26 16:07:24'),(101,34,101,10,1,'2021-12-26 16:07:24',1,'2021-12-26 16:07:24'),(102,34,102,10,1,'2021-12-26 16:07:24',1,'2021-12-26 16:07:24'),(103,35,103,10,1,'2021-12-26 16:09:41',1,'2021-12-26 16:09:41'),(104,35,104,10,1,'2021-12-26 16:09:41',1,'2021-12-26 16:09:41'),(105,35,105,10,1,'2021-12-26 16:09:41',1,'2021-12-26 16:09:41'),(106,36,106,10,1,'2021-12-26 16:12:44',1,'2021-12-26 16:12:44'),(107,36,107,10,1,'2021-12-26 16:12:44',1,'2021-12-26 16:12:44'),(108,36,108,10,1,'2021-12-26 16:12:44',1,'2021-12-26 16:12:44');
/*!40000 ALTER TABLE `petimagefor` ENABLE KEYS */;
UNLOCK TABLES;

--
-- Table structure for table `promotion`
--

DROP TABLE IF EXISTS `promotion`;
/*!40101 SET @saved_cs_client     = @@character_set_client */;
/*!50503 SET character_set_client = utf8mb4 */;
CREATE TABLE `promotion` (
  `id` bigint unsigned NOT NULL AUTO_INCREMENT,
  `title` varchar(255) CHARACTER SET utf8 COLLATE utf8_general_ci DEFAULT NULL,
  `image` varchar(255) CHARACTER SET utf8mb4 COLLATE utf8mb4_unicode_ci DEFAULT NULL,
  `fromdate` datetime DEFAULT NULL,
  `todate` datetime DEFAULT NULL,
  `status` int DEFAULT NULL,
  `createuser` bigint unsigned DEFAULT NULL,
  `createdate` datetime DEFAULT NULL,
  `updateuser` bigint unsigned DEFAULT NULL,
  `updatedate` datetime DEFAULT NULL,
  PRIMARY KEY (`id`)
) ENGINE=InnoDB AUTO_INCREMENT=4 DEFAULT CHARSET=utf8mb4 COLLATE=utf8mb4_unicode_ci;
/*!40101 SET character_set_client = @saved_cs_client */;

--
-- Dumping data for table `promotion`
--

LOCK TABLES `promotion` WRITE;
/*!40000 ALTER TABLE `promotion` DISABLE KEYS */;
INSERT INTO `promotion` VALUES (1,'Black Friday','Image_Promotion_838b3220-fe44-4a82-ba5e-a1fa8b1c2939.jpg','2021-11-18 00:00:00','2021-12-10 00:00:00',10,1,'2021-12-18 15:48:50',1,'2021-12-26 16:44:46'),(2,'Siêu sale 12.12','Image_Promotion_a858bf39-937e-43cf-9f75-6ed49fcbed0a.jpg','2021-12-12 00:00:00','2021-12-27 00:00:00',10,1,'2021-12-26 16:44:08',1,'2021-12-26 16:44:08'),(3,'Sale đón chào tết','Image_Promotion_37be95f1-e627-42fc-9a02-f6f52b6ac897.jpg','2022-01-01 00:00:00','2022-01-31 00:00:00',10,1,'2022-01-02 20:17:38',1,'2022-01-02 20:17:38');
/*!40000 ALTER TABLE `promotion` ENABLE KEYS */;
UNLOCK TABLES;

--
-- Table structure for table `role`
--

DROP TABLE IF EXISTS `role`;
/*!40101 SET @saved_cs_client     = @@character_set_client */;
/*!50503 SET character_set_client = utf8mb4 */;
CREATE TABLE `role` (
  `id` int NOT NULL AUTO_INCREMENT,
  `title` varchar(255) CHARACTER SET utf8 COLLATE utf8_general_ci DEFAULT NULL,
  `status` int DEFAULT NULL,
  PRIMARY KEY (`id`)
) ENGINE=InnoDB AUTO_INCREMENT=31 DEFAULT CHARSET=utf8mb4 COLLATE=utf8mb4_unicode_ci;
/*!40101 SET character_set_client = @saved_cs_client */;

--
-- Dumping data for table `role`
--

LOCK TABLES `role` WRITE;
/*!40000 ALTER TABLE `role` DISABLE KEYS */;
INSERT INTO `role` VALUES (10,'Quản trị viên',10),(20,'Nhân viên',10),(30,'Khách hàng',10);
/*!40000 ALTER TABLE `role` ENABLE KEYS */;
UNLOCK TABLES;

--
-- Table structure for table `sex`
--

DROP TABLE IF EXISTS `sex`;
/*!40101 SET @saved_cs_client     = @@character_set_client */;
/*!50503 SET character_set_client = utf8mb4 */;
CREATE TABLE `sex` (
  `id` int NOT NULL AUTO_INCREMENT,
  `title` varchar(255) CHARACTER SET utf8 COLLATE utf8_general_ci DEFAULT NULL,
  `status` int DEFAULT NULL,
  PRIMARY KEY (`id`)
) ENGINE=InnoDB AUTO_INCREMENT=3 DEFAULT CHARSET=utf8mb4 COLLATE=utf8mb4_unicode_ci;
/*!40101 SET character_set_client = @saved_cs_client */;

--
-- Dumping data for table `sex`
--

LOCK TABLES `sex` WRITE;
/*!40000 ALTER TABLE `sex` DISABLE KEYS */;
INSERT INTO `sex` VALUES (1,'Đực',10),(2,'Cái',10);
/*!40000 ALTER TABLE `sex` ENABLE KEYS */;
UNLOCK TABLES;

--
-- Table structure for table `size`
--

DROP TABLE IF EXISTS `size`;
/*!40101 SET @saved_cs_client     = @@character_set_client */;
/*!50503 SET character_set_client = utf8mb4 */;
CREATE TABLE `size` (
  `id` bigint unsigned NOT NULL AUTO_INCREMENT,
  `title` varchar(255) CHARACTER SET utf8 COLLATE utf8_general_ci DEFAULT NULL,
  `orderview` int DEFAULT NULL,
  `status` int DEFAULT NULL,
  `createuser` bigint unsigned DEFAULT NULL,
  `createdate` datetime DEFAULT NULL,
  `updateuser` bigint unsigned DEFAULT NULL,
  `updatedate` datetime DEFAULT NULL,
  PRIMARY KEY (`id`)
) ENGINE=InnoDB AUTO_INCREMENT=6 DEFAULT CHARSET=utf8mb4 COLLATE=utf8mb4_unicode_ci;
/*!40101 SET character_set_client = @saved_cs_client */;

--
-- Dumping data for table `size`
--

LOCK TABLES `size` WRITE;
/*!40000 ALTER TABLE `size` DISABLE KEYS */;
INSERT INTO `size` VALUES (1,'Rất nhỏ',1,10,1,'2021-12-16 20:36:12',1,'2021-12-16 20:36:12'),(2,'Nhỏ',2,10,1,'2021-12-16 20:36:27',1,'2021-12-16 20:36:27'),(3,'Trung bình',3,10,1,'2021-12-16 20:36:41',1,'2021-12-16 20:36:41'),(4,'Lớn',4,10,1,'2021-12-16 20:36:56',1,'2021-12-16 20:36:56'),(5,'Rất lớn',5,10,1,'2021-12-16 20:37:37',1,'2021-12-16 20:37:37');
/*!40000 ALTER TABLE `size` ENABLE KEYS */;
UNLOCK TABLES;

--
-- Table structure for table `status`
--

DROP TABLE IF EXISTS `status`;
/*!40101 SET @saved_cs_client     = @@character_set_client */;
/*!50503 SET character_set_client = utf8mb4 */;
CREATE TABLE `status` (
  `id` int NOT NULL AUTO_INCREMENT,
  `title` varchar(255) CHARACTER SET utf8 COLLATE utf8_general_ci DEFAULT NULL,
  PRIMARY KEY (`id`)
) ENGINE=InnoDB AUTO_INCREMENT=191 DEFAULT CHARSET=utf8mb4 COLLATE=utf8mb4_unicode_ci;
/*!40101 SET character_set_client = @saved_cs_client */;

--
-- Dumping data for table `status`
--

LOCK TABLES `status` WRITE;
/*!40000 ALTER TABLE `status` DISABLE KEYS */;
INSERT INTO `status` VALUES (10,'Hoạt động'),(50,'Khóa'),(90,'Ngừng hoạt động'),(190,'Xóa');
/*!40000 ALTER TABLE `status` ENABLE KEYS */;
UNLOCK TABLES;

--
-- Table structure for table `statusdetail`
--

DROP TABLE IF EXISTS `statusdetail`;
/*!40101 SET @saved_cs_client     = @@character_set_client */;
/*!50503 SET character_set_client = utf8mb4 */;
CREATE TABLE `statusdetail` (
  `id` int NOT NULL AUTO_INCREMENT,
  `title` varchar(255) CHARACTER SET utf8 COLLATE utf8_general_ci DEFAULT NULL,
  `status` int DEFAULT NULL,
  PRIMARY KEY (`id`)
) ENGINE=InnoDB AUTO_INCREMENT=4 DEFAULT CHARSET=utf8mb4 COLLATE=utf8mb4_unicode_ci;
/*!40101 SET character_set_client = @saved_cs_client */;

--
-- Dumping data for table `statusdetail`
--

LOCK TABLES `statusdetail` WRITE;
/*!40000 ALTER TABLE `statusdetail` DISABLE KEYS */;
INSERT INTO `statusdetail` VALUES (1,'Đang bán',10),(2,'Ngừng bán',10),(3,'Hết hàng',10);
/*!40000 ALTER TABLE `statusdetail` ENABLE KEYS */;
UNLOCK TABLES;

--
-- Table structure for table `statusorder`
--

DROP TABLE IF EXISTS `statusorder`;
/*!40101 SET @saved_cs_client     = @@character_set_client */;
/*!50503 SET character_set_client = utf8mb4 */;
CREATE TABLE `statusorder` (
  `id` int NOT NULL AUTO_INCREMENT,
  `title` varchar(255) CHARACTER SET utf8 COLLATE utf8_general_ci DEFAULT NULL,
  `status` int DEFAULT NULL,
  PRIMARY KEY (`id`)
) ENGINE=InnoDB AUTO_INCREMENT=5 DEFAULT CHARSET=utf8mb4 COLLATE=utf8mb4_unicode_ci;
/*!40101 SET character_set_client = @saved_cs_client */;

--
-- Dumping data for table `statusorder`
--

LOCK TABLES `statusorder` WRITE;
/*!40000 ALTER TABLE `statusorder` DISABLE KEYS */;
INSERT INTO `statusorder` VALUES (1,'Chờ duyệt',10),(2,'Duyệt và giao hàng',10),(3,'Giao hàng thành công',10),(4,'Hủy đơn hàng',10);
/*!40000 ALTER TABLE `statusorder` ENABLE KEYS */;
UNLOCK TABLES;

--
-- Table structure for table `supplier`
--

DROP TABLE IF EXISTS `supplier`;
/*!40101 SET @saved_cs_client     = @@character_set_client */;
/*!50503 SET character_set_client = utf8mb4 */;
CREATE TABLE `supplier` (
  `id` bigint unsigned NOT NULL AUTO_INCREMENT,
  `name` varchar(255) CHARACTER SET utf8 COLLATE utf8_general_ci DEFAULT NULL,
  `address` varchar(255) CHARACTER SET utf8 COLLATE utf8_general_ci DEFAULT NULL,
  `phone` varchar(25) CHARACTER SET utf8mb4 COLLATE utf8mb4_unicode_ci DEFAULT NULL,
  `email` varchar(255) CHARACTER SET utf8mb4 COLLATE utf8mb4_unicode_ci DEFAULT NULL,
  `status` int DEFAULT NULL,
  `createuser` bigint unsigned DEFAULT NULL,
  `createdate` datetime DEFAULT NULL,
  `updateuser` bigint unsigned DEFAULT NULL,
  `updatedate` datetime DEFAULT NULL,
  PRIMARY KEY (`id`)
) ENGINE=InnoDB AUTO_INCREMENT=9 DEFAULT CHARSET=utf8mb4 COLLATE=utf8mb4_unicode_ci;
/*!40101 SET character_set_client = @saved_cs_client */;

--
-- Dumping data for table `supplier`
--

LOCK TABLES `supplier` WRITE;
/*!40000 ALTER TABLE `supplier` DISABLE KEYS */;
INSERT INTO `supplier` VALUES (1,'Thú kiểng','Số 175, đường số 26, khu dân cư Bình Phú, P10, Q6, TP. HCM','0389853946','thukieng@gmail.com',10,1,'2021-12-16 21:22:26',1,'2021-12-16 21:25:08'),(2,'Lê Trung Pet','164/1 Tân Thới Hiệp 07, phường Tân Tới Hiệp, Quận 12, TP.HCM','0934068670','letrungpet@gmail.com',10,1,'2021-12-16 21:24:43',1,'2021-12-16 21:24:43'),(3,'Dogily Petshop','63/14 Lê Văn Sỹ, Phường 13, Quận Phú Nhuận, TP.HCM','0918161911','dogilypetshop@gmail.com',10,1,'2021-12-16 21:26:33',1,'2021-12-16 21:26:33'),(4,'Pet Xinh','730 Lê Đức Thọ, Gò Vấp, Tp.HCM','0373040479','petxinh@gmail.com',10,1,'2021-12-16 21:27:41',1,'2021-12-16 21:27:41'),(5,'Nhà vật yêu','924 Nguyễn Trãi, P.14, Q.5, TP.HCM','0362719893','nhavatyeu@gmail.com',10,1,'2021-12-16 21:28:39',1,'2021-12-16 21:28:39'),(6,'SC Dog Shop','486 Lý Thái Tổ , Phường 10, Quận 10, Tp.HCM','0934909698','scdogshop@gmail.com',10,1,'2021-12-16 21:29:41',1,'2021-12-16 21:29:41'),(7,'Thế Giới Thú Cưng','424 Lạc Long Quân, Phường 5, Quận 11, TP. HCM','0922777707','tgthucung@gmail.com',10,1,'2021-12-16 21:30:36',1,'2021-12-16 21:30:36'),(8,'Merge Pet','65/10, khu phố 3, phường Linh Xuân, Q. Thủ Đức, TP.HCM','0383567546','mergepet@gmail.com',10,1,'2021-12-16 21:32:21',1,'2021-12-16 21:32:21');
/*!40000 ALTER TABLE `supplier` ENABLE KEYS */;
UNLOCK TABLES;

--
-- Table structure for table `users`
--

DROP TABLE IF EXISTS `users`;
/*!40101 SET @saved_cs_client     = @@character_set_client */;
/*!50503 SET character_set_client = utf8mb4 */;
CREATE TABLE `users` (
  `id` bigint unsigned NOT NULL AUTO_INCREMENT,
  `name` varchar(255) CHARACTER SET utf8 COLLATE utf8_general_ci DEFAULT NULL,
  `email` varchar(255) CHARACTER SET utf8mb4 COLLATE utf8mb4_unicode_ci DEFAULT NULL,
  `phone` varchar(25) CHARACTER SET utf8mb4 COLLATE utf8mb4_unicode_ci DEFAULT NULL,
  `password` varchar(255) CHARACTER SET utf8mb4 COLLATE utf8mb4_unicode_ci DEFAULT NULL,
  `avatar` varchar(255) CHARACTER SET utf8 COLLATE utf8_general_ci DEFAULT NULL,
  `address` varchar(255) CHARACTER SET utf8 COLLATE utf8_general_ci DEFAULT NULL,
  `role` int DEFAULT NULL,
  `status` int DEFAULT NULL,
  `createuser` bigint unsigned DEFAULT NULL,
  `createdate` datetime DEFAULT NULL,
  `updateuser` bigint unsigned DEFAULT NULL,
  `updatedate` datetime DEFAULT NULL,
  PRIMARY KEY (`id`),
  KEY `role` (`role`),
  CONSTRAINT `users_ibfk_1` FOREIGN KEY (`role`) REFERENCES `role` (`id`)
) ENGINE=InnoDB AUTO_INCREMENT=25 DEFAULT CHARSET=utf8mb4 COLLATE=utf8mb4_unicode_ci;
/*!40101 SET character_set_client = @saved_cs_client */;

--
-- Dumping data for table `users`
--

LOCK TABLES `users` WRITE;
/*!40000 ALTER TABLE `users` DISABLE KEYS */;
INSERT INTO `users` VALUES (1,'Huỳnh Trọng Nghĩa','huynhtrongnghia1090@gmail','0386998130','e1adc3949ba59abbe56e057f2f883e','Image_Avatar_5757d3df-fb54-407e-872b-71f43733f323.png','Tân Ngãi, Vĩnh Long',20,10,1,'2021-12-16 20:31:57',2,'2022-01-02 23:57:24'),(2,'Nguyễn Hoài Nam','namnguyenit@gmail.com','0997631090','e1adc3949ba59abbe56e057f2f883e',NULL,'123, đường số 4, xã Hòa Tân, TP. Mỹ Tho, tỉnh Tiền Giang',10,10,2,'2021-12-16 21:37:34',2,'2021-12-18 22:14:36'),(3,'Võ Quốc Huy','huyvo@gmail.com','0379999999','37a6259cc0c1dae299a7866489dff0bd',NULL,'Biên giới Việt Trung, Tây Bắc',10,10,2,'2021-12-18 16:46:19',2,'2021-12-18 17:58:01'),(4,'Thanh Thanh','thanhthanh@gmail.com','0997631091','e1adc3949ba59abbe56e057f2f883e',NULL,'Phố Núi, Phú Thọ',20,10,2,'2021-12-18 17:15:28',2,'2021-12-27 10:31:28'),(5,'Lâm Phát Tài','tailam@gmail.com','0976543218','e1adc3949ba59abbe56e057f2f883e',NULL,'346 Lê Văn Chí, Thủ Đức, TP.HCM',30,10,2,'2021-12-18 18:05:47',2,'2022-01-06 21:17:13'),(6,'Nguyễn Hoàng Minh','minhhoang@gmail.com','0776543219','e1adc3949ba59abbe56e057f2f883e','Image_Avatar_5ac0388f-5885-42ce-a6b8-4d4622744616.jpg','365 Lê Văn Việt, Thủ Đức, TP.HCM',30,10,2,'2021-12-18 18:07:12',2,'2021-12-27 10:07:10'),(7,'Lê Thị Hương','huongle@gmail.com','0365876598','e1adc3949ba59abbe56e057f2f883e',NULL,'134/6B Hoàng Giang, Nông Cống, Thanh Hóa',30,10,2,'2021-12-26 16:18:21',2,'2021-12-27 10:07:11'),(8,'Bùi Khánh Hải','haikhanhbui@gmail.com','0397384690','e1adc3949ba59abbe56e057f2f883e',NULL,'Tân Vĩnh Thuận, Tân Ngãi, Vĩnh Long',30,10,2,'2021-12-26 16:19:51',2,'2022-01-02 23:58:23'),(9,'Bùi Văn Nghĩa','nghiabui@gmail.com','0378965476','e1adc3949ba59abbe56e057f2f883e',NULL,'Hòa An, Hòa Bình, Tân Quới, Đồng Nai',30,10,2,'2021-12-26 16:22:24',2,'2021-12-27 10:21:40'),(10,'Lâm Quang Vỹ','quangvy@gmail.com','0356183492','e1adc3949ba59abbe56e057f2f883e',NULL,'Bình Thạnh, Thành phố Hồ Chí Minh',30,10,2,'2021-12-26 16:23:36',2,'2021-12-27 10:21:29'),(11,'Nguyễn Văn Pháp','phapvannguyen@gmail.com','0369872301','e1adc3949ba59abbe56e057f2f883e',NULL,'Bình Tân, TP. Hồ Chí Minh',30,10,2,'2021-12-26 16:25:58',2,'2021-12-26 16:25:58'),(12,'Huỳnh Phụng Kiều','kieuhuynh@gmail.com','0368769231','e1adc3949ba59abbe56e057f2f883e',NULL,'134/8B, Vĩnh Thuận, Tân Ngãi, Vĩnh Long',30,10,2,'2021-12-26 16:29:43',2,'2021-12-27 10:06:53'),(13,'Võ Quốc Cường','cuongvo@gmail.com','0386273458','e1adc3949ba59abbe56e057f2f883e',NULL,'Tân Quới Đông, Hòa An, Kiên Giang',30,10,2,'2021-12-26 16:31:28',2,'2021-12-26 16:31:28'),(14,'Đặng Minh Thi','thiminhdang@gmail.com','0342657865','e1adc3949ba59abbe56e057f2f883e',NULL,'Hòa An, Ninh Bình',30,10,2,'2021-12-26 16:37:21',2,'2021-12-27 10:40:10'),(15,'Trần Văn Hoàng','hoangtran@gmail.com','0732365876','e1adc3949ba59abbe56e057f2f883e',NULL,'Kom Tum, DakLak',30,10,2,'2021-12-26 16:38:27',2,'2021-12-27 10:40:11'),(16,'Tây Vĩnh Hòa','hoatay@gmail.com','0367823197','e1adc3949ba59abbe56e057f2f883e',NULL,'Di Linh, Lâm Đồng',30,10,2,'2021-12-27 10:06:10',2,'2021-12-27 11:12:32'),(17,'Phạm Xuân Nhuận','nhuanxuanpham@gmail.com','0398284673','e1adc3949ba59abbe56e057f2f883e',NULL,'Hòa Tây, Bến Tre',30,10,2,'2021-12-27 10:08:29',2,'2021-12-27 10:08:29'),(18,'Hồ Văn Hiếu','hieuho@gmail.com','0387623918','e1adc3949ba59abbe56e057f2f883e',NULL,'Di Linh, Đà Lạt',30,10,2,'2021-12-27 10:10:19',2,'2021-12-27 10:10:48'),(19,'Nguyễn Ngọc Hải','hainguyen@gmail.com','0365271987','e1adc3949ba59abbe56e057f2f883e',NULL,'KomTum, DakLak',30,10,2,'2021-12-27 10:23:23',2,'2021-12-27 10:23:23'),(20,'Đặng Trí Nguyên','nguyendang@gmail.com','0382198740','e1adc3949ba59abbe56e057f2f883e',NULL,'Hòa Bắc, Long Xuyên, An Giang',30,10,2,'2021-12-27 10:25:00',2,'2022-01-02 20:19:57'),(21,'Ngô Văn Minh','ngovanminh@gmail.com','0378398210','e1adc3949ba59abbe56e057f2f883e',NULL,'Hoàng Sơn, Minh Trí, Lào Cai',20,10,2,'2021-12-27 10:31:03',2,'2021-12-27 10:40:08'),(22,'Chu Minh Hiếu','hieuminh@gmail.com','0365198723','e1adc3949ba59abbe56e057f2f883e',NULL,'Tân Vĩnh Thuận, Tân Ngãi, Vĩnh Long',20,10,2,'2021-12-27 11:12:14',2,'2021-12-27 11:12:14'),(23,'Lê Gia Minh','giaminh@gmail.com','0378349821','e1adc3949ba59abbe56e057f2f883e',NULL,'Lê Văn A, Cách Mạng Tháng 8, Thủ Đức',20,10,2,'2021-12-27 11:23:31',2,'2022-01-06 21:16:42'),(24,'Hương Lê','huonglt18401@st.uel.edu.vn','0965218906','e1adc3949ba59abbe56e057f2f883e',NULL,'Nông Cống, Thanh Hóa',30,10,24,'2022-01-02 23:28:30',2,'2022-01-02 23:53:09');
/*!40000 ALTER TABLE `users` ENABLE KEYS */;
UNLOCK TABLES;
/*!40103 SET TIME_ZONE=@OLD_TIME_ZONE */;

/*!40101 SET SQL_MODE=@OLD_SQL_MODE */;
/*!40014 SET FOREIGN_KEY_CHECKS=@OLD_FOREIGN_KEY_CHECKS */;
/*!40014 SET UNIQUE_CHECKS=@OLD_UNIQUE_CHECKS */;
/*!40101 SET CHARACTER_SET_CLIENT=@OLD_CHARACTER_SET_CLIENT */;
/*!40101 SET CHARACTER_SET_RESULTS=@OLD_CHARACTER_SET_RESULTS */;
/*!40101 SET COLLATION_CONNECTION=@OLD_COLLATION_CONNECTION */;
/*!40111 SET SQL_NOTES=@OLD_SQL_NOTES */;

-- Dump completed on 2022-01-06 22:06:31
